Workbook

Sheet Итог
A1: Как считается
A2: target — верный slug из ручной разметки (Label Studio → data/labels/real-photos.json).
A3: top-1…top-5 — выдача на том же фото. Ранг target = MATCH(target; top-1:top-5).
A4: Верно top-1 = target на 1-м месте; верно top-5 = target в первой пятёрке. Фото без target (нет в каталоге, исключено) не считаются.
A5: VLM (Qwen3-VL-4B) переставляет первые 5 кандидатов картинки/OCR, поэтому top-5 у VLM-прогонов тот же, что у базы, а top-1 — выбор VLM. Пересобрать таблицу: python -m eval_runner.excel.
A7: Набор | B7: Конфигурация | C7: Фото | D7: Верно top-1 | E7: top-1 | F7: Верно top-5 | G7: top-5
A8: уверенно | B8: Без OCR | C8: =COUNTIFS('Без OCR'!$B$2:$B$101,"уверенно") | D8: =COUNTIFS('Без OCR'!$B$2:$B$101,"уверенно",'Без OCR'!$L$2:$L$101,1) | E8: =IF(C8=0,0,D8/C8) | F8: =COUNTIFS('Без OCR'!$B$2:$B$101,"уверенно",'Без OCR'!$M$2:$M$101,1) | G8: =IF(C8=0,0,F8/C8)
A9: уверенно | B9: С OCR | C9: =COUNTIFS('С OCR'!$B$2:$B$101,"уверенно") | D9: =COUNTIFS('С OCR'!$B$2:$B$101,"уверенно",'С OCR'!$L$2:$L$101,1) | E9: =IF(C9=0,0,D9/C9) | F9: =COUNTIFS('С OCR'!$B$2:$B$101,"уверенно",'С OCR'!$M$2:$M$101,1) | G9: =IF(C9=0,0,F9/C9)
A10: уверенно | B10: VLM текст | C10: =COUNTIFS('VLM текст'!$B$2:$B$101,"уверенно") | D10: =COUNTIFS('VLM текст'!$B$2:$B$101,"уверенно",'VLM текст'!$L$2:$L$101,1) | E10: =IF(C10=0,0,D10/C10) | F10: =COUNTIFS('VLM текст'!$B$2:$B$101,"уверенно",'VLM текст'!$M$2:$M$101,1) | G10: =IF(C10=0,0,F10/C10)
A11: уверенно | B11: VLM текст+фото | C11: =COUNTIFS('VLM текст+фото'!$B$2:$B$101,"уверенно") | D11: =COUNTIFS('VLM текст+фото'!$B$2:$B$101,"уверенно",'VLM текст+фото'!$L$2:$L$101,1) | E11: =IF(C11=0,0,D11/C11) | F11: =COUNTIFS('VLM текст+фото'!$B$2:$B$101,"уверенно",'VLM текст+фото'!$M$2:$M$101,1) | G11: =IF(C11=0,0,F11/C11)
A12: уверенно | B12: VLM текст+фото, малые | C12: =COUNTIFS('VLM текст+фото, малые'!$B$2:$B$101,"уверенно") | D12: =COUNTIFS('VLM текст+фото, малые'!$B$2:$B$101,"уверенно",'VLM текст+фото, малые'!$L$2:$L$101,1) | E12: =IF(C12=0,0,D12/C12) | F12: =COUNTIFS('VLM текст+фото, малые'!$B$2:$B$101,"уверенно",'VLM текст+фото, малые'!$M$2:$M$101,1) | G12: =IF(C12=0,0,F12/C12)
A13: уверенно | B13: VLM без OCR | C13: =COUNTIFS('VLM без OCR'!$B$2:$B$101,"уверенно") | D13: =COUNTIFS('VLM без OCR'!$B$2:$B$101,"уверенно",'VLM без OCR'!$L$2:$L$101,1) | E13: =IF(C13=0,0,D13/C13) | F13: =COUNTIFS('VLM без OCR'!$B$2:$B$101,"уверенно",'VLM без OCR'!$M$2:$M$101,1) | G13: =IF(C13=0,0,F13/C13)
A14: уверенно | B14: VLM без OCR, малые | C14: =COUNTIFS('VLM без OCR, малые'!$B$2:$B$101,"уверенно") | D14: =COUNTIFS('VLM без OCR, малые'!$B$2:$B$101,"уверенно",'VLM без OCR, малые'!$L$2:$L$101,1) | E14: =IF(C14=0,0,D14/C14) | F14: =COUNTIFS('VLM без OCR, малые'!$B$2:$B$101,"уверенно",'VLM без OCR, малые'!$M$2:$M$101,1) | G14: =IF(C14=0,0,F14/C14)
A15: уверенно | B15: Сервис VLM | C15: =COUNTIFS('Сервис VLM'!$B$2:$B$101,"уверенно") | D15: =COUNTIFS('Сервис VLM'!$B$2:$B$101,"уверенно",'Сервис VLM'!$L$2:$L$101,1) | E15: =IF(C15=0,0,D15/C15) | F15: =COUNTIFS('Сервис VLM'!$B$2:$B$101,"уверенно",'Сервис VLM'!$M$2:$M$101,1) | G15: =IF(C15=0,0,F15/C15)
A16: уверенно + не уверен | B16: Без OCR | C16: =COUNTIFS('Без OCR'!$B$2:$B$101,"уверенно")+COUNTIFS('Без OCR'!$B$2:$B$101,"не уверен") | D16: =COUNTIFS('Без OCR'!$B$2:$B$101,"уверенно",'Без OCR'!$L$2:$L$101,1)+COUNTIFS('Без OCR'!$B$2:$B$101,"не уверен",'Без OCR'!$L$2:$L$101,1) | E16: =IF(C16=0,0,D16/C16) | F16: =COUNTIFS('Без OCR'!$B$2:$B$101,"уверенно",'Без OCR'!$M$2:$M$101,1)+COUNTIFS('Без OCR'!$B$2:$B$101,"не уверен",'Без OCR'!$M$2:$M$101,1) | G16: =IF(C16=0,0,F16/C16)
A17: уверенно + не уверен | B17: С OCR | C17: =COUNTIFS('С OCR'!$B$2:$B$101,"уверенно")+COUNTIFS('С OCR'!$B$2:$B$101,"не уверен") | D17: =COUNTIFS('С OCR'!$B$2:$B$101,"уверенно",'С OCR'!$L$2:$L$101,1)+COUNTIFS('С OCR'!$B$2:$B$101,"не уверен",'С OCR'!$L$2:$L$101,1) | E17: =IF(C17=0,0,D17/C17) | F17: =COUNTIFS('С OCR'!$B$2:$B$101,"уверенно",'С OCR'!$M$2:$M$101,1)+COUNTIFS('С OCR'!$B$2:$B$101,"не уверен",'С OCR'!$M$2:$M$101,1) | G17: =IF(C17=0,0,F17/C17)
A18: уверенно + не уверен | B18: VLM текст | C18: =COUNTIFS('VLM текст'!$B$2:$B$101,"уверенно")+COUNTIFS('VLM текст'!$B$2:$B$101,"не уверен") | D18: =COUNTIFS('VLM текст'!$B$2:$B$101,"уверенно",'VLM текст'!$L$2:$L$101,1)+COUNTIFS('VLM текст'!$B$2:$B$101,"не уверен",'VLM текст'!$L$2:$L$101,1) | E18: =IF(C18=0,0,D18/C18) | F18: =COUNTIFS('VLM текст'!$B$2:$B$101,"уверенно",'VLM текст'!$M$2:$M$101,1)+COUNTIFS('VLM текст'!$B$2:$B$101,"не уверен",'VLM текст'!$M$2:$M$101,1) | G18: =IF(C18=0,0,F18/C18)
A19: уверенно + не уверен | B19: VLM текст+фото | C19: =COUNTIFS('VLM текст+фото'!$B$2:$B$101,"уверенно")+COUNTIFS('VLM текст+фото'!$B$2:$B$101,"не уверен") | D19: =COUNTIFS('VLM текст+фото'!$B$2:$B$101,"уверенно",'VLM текст+фото'!$L$2:$L$101,1)+COUNTIFS('VLM текст+фото'!$B$2:$B$101,"не уверен",'VLM текст+фото'!$L$2:$L$101,1) | E19: =IF(C19=0,0,D19/C19) | F19: =COUNTIFS('VLM текст+фото'!$B$2:$B$101,"уверенно",'VLM текст+фото'!$M$2:$M$101,1)+COUNTIFS('VLM текст+фото'!$B$2:$B$101,"не уверен",'VLM текст+фото'!$M$2:$M$101,1) | G19: =IF(C19=0,0,F19/C19)
A20: уверенно + не уверен | B20: VLM текст+фото, малые | C20: =COUNTIFS('VLM текст+фото, малые'!$B$2:$B$101,"уверенно")+COUNTIFS('VLM текст+фото, малые'!$B$2:$B$101,"не уверен") | D20: =COUNTIFS('VLM текст+фото, малые'!$B$2:$B$101,"уверенно",'VLM текст+фото, малые'!$L$2:$L$101,1)+COUNTIFS('VLM текст+фото, малые'!$B$2:$B$101,"не уверен",'VLM текст+фото, малые'!$L$2:$L$101,1) | E20: =IF(C20=0,0,D20/C20) | F20: =COUNTIFS('VLM текст+фото, малые'!$B$2:$B$101,"уверенно",'VLM текст+фото, малые'!$M$2:$M$101,1)+COUNTIFS('VLM текст+фото, малые'!$B$2:$B$101,"не уверен",'VLM текст+фото, малые'!$M$2:$M$101,1) | G20: =IF(C20=0,0,F20/C20)
A21: уверенно + не уверен | B21: VLM без OCR | C21: =COUNTIFS('VLM без OCR'!$B$2:$B$101,"уверенно")+COUNTIFS('VLM без OCR'!$B$2:$B$101,"не уверен") | D21: =COUNTIFS('VLM без OCR'!$B$2:$B$101,"уверенно",'VLM без OCR'!$L$2:$L$101,1)+COUNTIFS('VLM без OCR'!$B$2:$B$101,"не уверен",'VLM без OCR'!$L$2:$L$101,1) | E21: =IF(C21=0,0,D21/C21) | F21: =COUNTIFS('VLM без OCR'!$B$2:$B$101,"уверенно",'VLM без OCR'!$M$2:$M$101,1)+COUNTIFS('VLM без OCR'!$B$2:$B$101,"не уверен",'VLM без OCR'!$M$2:$M$101,1) | G21: =IF(C21=0,0,F21/C21)
A22: уверенно + не уверен | B22: VLM без OCR, малые | C22: =COUNTIFS('VLM без OCR, малые'!$B$2:$B$101,"уверенно")+COUNTIFS('VLM без OCR, малые'!$B$2:$B$101,"не уверен") | D22: =COUNTIFS('VLM без OCR, малые'!$B$2:$B$101,"уверенно",'VLM без OCR, малые'!$L$2:$L$101,1)+COUNTIFS('VLM без OCR, малые'!$B$2:$B$101,"не уверен",'VLM без OCR, малые'!$L$2:$L$101,1) | E22: =IF(C22=0,0,D22/C22) | F22: =COUNTIFS('VLM без OCR, малые'!$B$2:$B$101,"уверенно",'VLM без OCR, малые'!$M$2:$M$101,1)+COUNTIFS('VLM без OCR, малые'!$B$2:$B$101,"не уверен",'VLM без OCR, малые'!$M$2:$M$101,1) | G22: =IF(C22=0,0,F22/C22)
A23: уверенно + не уверен | B23: Сервис VLM | C23: =COUNTIFS('Сервис VLM'!$B$2:$B$101,"уверенно")+COUNTIFS('Сервис VLM'!$B$2:$B$101,"не уверен") | D23: =COUNTIFS('Сервис VLM'!$B$2:$B$101,"уверенно",'Сервис VLM'!$L$2:$L$101,1)+COUNTIFS('Сервис VLM'!$B$2:$B$101,"не уверен",'Сервис VLM'!$L$2:$L$101,1) | E23: =IF(C23=0,0,D23/C23) | F23: =COUNTIFS('Сервис VLM'!$B$2:$B$101,"уверенно",'Сервис VLM'!$M$2:$M$101,1)+COUNTIFS('Сервис VLM'!$B$2:$B$101,"не уверен",'Сервис VLM'!$M$2:$M$101,1) | G23: =IF(C23=0,0,F23/C23)
A25: Фото «нет в каталоге» | C25: =COUNTIFS('С OCR'!$B$2:$B$101,"нет в каталоге")
A26: Исключено (две бутылки в кадре) | C26: =COUNTIFS('С OCR'!$B$2:$B$101,"исключено")
A28: Конфигурация | B28: OCR | C28: Вход VLM | D28: Картинки VLM (фото / эталон) | E28: VLM, медиана мс | F28: VLM, p95 мс | G28: Ответ, p95 мс | H28: Отказ «нет в каталоге» (P>0,5) | I28: Ложные отказы | J28: Файл | K28: Примечание
A29: Без OCR | B29: нет | C29: — | D29: — | E29: — | F29: — | G29: 416 | H29: — | I29: — | J29: data/reports/results.jsonl
A30: С OCR | B30: да | C30: — | D30: — | E30: — | F30: — | G30: 835 | H30: — | I30: — | J30: data/reports/ocr/results.jsonl
A31: VLM текст | B31: да | C31: текст карточек | D31: 1 Мп | E31: 556 | F31: 595 | G31: 1427 | H31: 6 из 33 | I31: 0 из 66 | J31: data/reports/vlm-text/results.jsonl
A32: VLM текст+фото | B32: да | C32: текст + эталонные фото | D32: 1 Мп / 256k | E32: 1095 | F32: 1832 | G32: 2417 | H32: 6 из 33 | I32: 1 из 66 | J32: data/reports/vlm-images/results.jsonl
A33: VLM текст+фото, малые | B33: да | C33: текст + эталонные фото | D33: 512k / 128k | E33: 745 | F33: 1369 | G33: 1953 | H33: 5 из 33 | I33: 0 из 66 | J33: data/reports/vlm-images-small/results.jsonl
A34: VLM без OCR | B34: нет | C34: текст + эталонные фото | D34: 1 Мп / 256k | E34: 1065 | F34: 1693 | G34: 2039 | H34: 7 из 33 | I34: 1 из 66 | J34: data/reports/vlm-images-noocr/results.jsonl
A35: VLM без OCR, малые | B35: нет | C35: текст + эталонные фото | D35: 512k / 128k | E35: 740 | F35: 1191 | G35: 1549 | H35: 6 из 33 | I35: 0 из 66 | J35: data/reports/vlm-images-noocr-small/results.jsonl | K35: лучший вариант
A36: Сервис VLM | B36: нет | C36: текст + эталонные фото | D36: 512k / 128k | E36: 726 | F36: 1199 | G36: 1682 | H36: 6 из 33 | I36: 0 из 66 | J36: data/reports/service-vlm/results.jsonl | K36: тот же вариант, встроенный в сервис: WINE_VLM_ENABLED=1, WINE_OCR_ENABLED=0
A38: «Ответ, p95» у офлайн-прогонов — время сервиса до VLM плюс сам VLM; у «Сервис VLM» — замер клиентом, как у скрипта организатора. SLA — 3 с.

Sheet Без OCR
A1: Фото | B1: Статус разметки | C1: target | D1: target: вино | E1: Комментарий разметчика | F1: top-1 | G1: top-2 | H1: top-3 | I1: top-4 | J1: top-5 | K1: Ранг target | L1: Верно top-1 | M1: Верно top-5 | N1: top-1: вино | O1: top-2: вино | P1: top-3: вино | Q1: top-4: вино | R1: top-5: вино
A2: 1.73_06-09-2026_14-54-06.webp | B2: не уверен | C2: fanagoriya-rose-kaberne-fran-rozovoe-suhoe-13 | D2: Rose. Каберне Фран — Фанагория — Розовое сухое | E2: договоримся так, после __ я буду писать свои комментарии. этого вина нет в наборе, но я не уверен | F2: rozovoe-polusladkoe | G2: fanagoriya-beloe-polusladkoe | H2: vinodelnya-pokrovskaya-marinka-marinovskiy-rozovoe-suhoe-123 | I2: zolotaya-balka-pink-sira-rozovoe-suhoe-13 | J2: roze-1 | K2: =IF(C2="","",IFERROR(MATCH(C2,F2:J2,0),"нет")) | L2: =IF(C2="","",IF(K2=1,1,0)) | M2: =IF(C2="","",IF(ISNUMBER(K2),1,0)) | N2: Розовое полусладкое — Фанагория — Розовое полусладкое | O2: Фанагория белое полусладкое — Фанагория — Белое полусладкое | P2: Маринка — Винодельня Покровская — Розовое сухое | Q2: Pink — Золотая Балка — Розовое сухое | R2: Розе — Галицкий и Галицкий — Розовое сухое
A3: 2.69_27-08-2026_14-29-00.webp | B3: нет в каталоге | F3: shato-pino-gravitatsiya-kaberne-sovinon-merlo-krasnoe-suhoe-135 | G3: shato-pino-marselan-merlo-krasnoe-suhoe-13 | H3: shato-pino-sovinon-blan-semilon-beloe-suhoe-115 | I3: shato-pino-shato-pino-koldun-merlo-krasnoe-suhoe-137 | J3: shato-pino-pino-nuar-pino-gri-rozovoe-suhoe-115 | K3: =IF(C3="","",IFERROR(MATCH(C3,F3:J3,0),"нет")) | L3: =IF(C3="","",IF(K3=1,1,0)) | M3: =IF(C3="","",IF(ISNUMBER(K3),1,0)) | N3: Гравитация. Каберне Совиньон - Мерло — Шато Пино — Красное сухое | O3: Марселан - Мерло — Шато Пино — Красное сухое | P3: Совиньон Блан - Семильон — Шато Пино — Белое сухое | Q3: Шато Пино «Колдун» — Шато Пино — Красное сухое | R3: Пино Нуар - Пино Гри — Шато Пино — Розовое сухое
A4: 41.8_22-08-2026_20-56-40.webp | B4: нет в каталоге | F4: bakla-vines-pino-nuar-krasnoe-suhoe-125 | G4: usadba-perovskih-pino-nuar-rezerv-krasnoe-suhoe-122 | H4: usadba-mezyb-shishka-pino-nuar-rozovoe-suhoe-115 | I4: pino-nuar | J4: vaynkraft-pino-nuar-krasnoe-suhoe-13 | K4: =IF(C4="","",IFERROR(MATCH(C4,F4:J4,0),"нет")) | L4: =IF(C4="","",IF(K4=1,1,0)) | M4: =IF(C4="","",IF(ISNUMBER(K4),1,0)) | N4: Пино Нуар — Bakla Vines — Красное сухое | O4: Пино Нуар Резерв — Усадьба Перовских — Красное сухое | P4: Шишка. Пино Нуар — Усадьба Мезыбь — Розовое сухое | Q4: Пино Нуар — Галицкий и Галицкий — Красное сухое | R4: Пино Нуар — ВайнКрафт — Красное сухое
A5: 48.98_02-09-2026_18-34-15.webp | B5: уверенно | C5: denisov_rubin_klaret_krasnaya_strelka | D5: Рубин кларет . Красная стрелка — Denisov Winery — Розовое сухое | F5: denisov_rubin_klaret_krasnaya_strelka | G5: denisov_pino_noir_klaret | H5: gunko-winery-krasnye-gliny-kaberne-fran-krasnoe-suhoe-14 | I5: vinodelnya-78-aligote-otbornoe-beloe-suhoe-12 | J5: vinodelnya-pokrovskaya-pokrovskoe-sladkoe-krasnoe-kaberne-sovinon-13 | K5: =IF(C5="","",IFERROR(MATCH(C5,F5:J5,0),"нет")) | L5: =IF(C5="","",IF(K5=1,1,0)) | M5: =IF(C5="","",IF(ISNUMBER(K5),1,0)) | N5: Рубин кларет . Красная стрелка — Denisov Winery — Розовое сухое | O5: Пино Нуар кларет. Красная стрелка — Denisov Winery — Розовое сухое | P5: Красные Глины — Gunko Winery — Красное сухое | Q5: Алиготе Отборное — Винодельня 78 — Белое сухое | R5: Покровское сладкое красное — Винодельня Покровская — Красное сладкое
A6: 68.81_05-09-2026_15-46-31.webp | B6: нет в каталоге | F6: soyuz-vino-soyuz-vino-muskat-beloe-polusladkoe-11 | G6: vinodelnya-myshako-muskat-avtorskaya-tehnologiya-mono-beloe-suhoe-128 | H6: valeriy-zaharin-muskat-valeriy-zaharin-muskat-ottonel-beloe-polusladkoe-12 | I6: fanagoriya-ledyanoe-vino-muskat-muskat-ottonel-beloe-sladkoe-11 | J6: usadba-markoth-kaberne-sovinon-rezerv-krasnoe-suhoe-13 | K6: =IF(C6="","",IFERROR(MATCH(C6,F6:J6,0),"нет")) | L6: =IF(C6="","",IF(K6=1,1,0)) | M6: =IF(C6="","",IF(ISNUMBER(K6),1,0)) | N6: Союз-Вино Мускат — Союз-Вино — Белое полусладкое | O6: Мускат. Авторская технология. Моно — Мысхако — Белое сухое | P6: Мускат. Валерий Захарьин — Валерий Захарьин — Белое полусладкое | Q6: Ледяное вино. Мускат — Фанагория — Белое сладкое | R6: Каберне Совиньон Резерв — Усадьба Маркотх — Красное сухое
A7: 70.45_04-09-2026_13-35-37.webp | B7: не уверен | C7: fanagoriya-formula-q-kaberne-sovinon-krasnoe-suhoe-135 | D7: Формула Q — Фанагория — Красное сухое | E7: на фото слишком яркая этикетка, в каталоге более темная | F7: fanagoriya-formula-q-kaberne-sovinon-krasnoe-suhoe-135 | G7: fanagoriya-formula-q-saperavi-krasnoe-suhoe-135 | H7: fanagoriya-q-blanc-sovinon-blan-beloe-suhoe-14 | I7: fanagoriya-q-bordeaux-blend-kaberne-sovinon-krasnoe-suhoe-135 | J7: fanagoriya-beloe-polusladkoe | K7: =IF(C7="","",IFERROR(MATCH(C7,F7:J7,0),"нет")) | L7: =IF(C7="","",IF(K7=1,1,0)) | M7: =IF(C7="","",IF(ISNUMBER(K7),1,0)) | N7: Формула Q — Фанагория — Красное сухое | O7: Formula Q — Фанагория — Красное сухое | P7: Q Blanc — Фанагория — Белое сухое | Q7: Q Bordeaux Blend — Фанагория — Красное сухое | R7: Фанагория белое полусладкое — Фанагория — Белое полусладкое
A8: 72.97_09-09-2026_19-38-57.webp | B8: нет в каталоге | F8: shato-pino-gravitatsiya-kaberne-sovinon-merlo-krasnoe-suhoe-135 | G8: shato-pino-marselan-merlo-krasnoe-suhoe-13 | H8: shato-pino-sovinon-blan-semilon-beloe-suhoe-115 | I8: shato-pino-grand-reserve-chardonnay-shardone-beloe-suhoe-125 | J8: shato-pino-blan-de-blan-shardone-beloe-ekstra-bryut-12 | K8: =IF(C8="","",IFERROR(MATCH(C8,F8:J8,0),"нет")) | L8: =IF(C8="","",IF(K8=1,1,0)) | M8: =IF(C8="","",IF(ISNUMBER(K8),1,0)) | N8: Гравитация. Каберне Совиньон - Мерло — Шато Пино — Красное сухое | O8: Марселан - Мерло — Шато Пино — Красное сухое | P8: Совиньон Блан - Семильон — Шато Пино — Белое сухое | Q8: Grand Reserve Chardonnay — Шато Пино — Белое сухое | R8: Блан Де Блан — Шато Пино — Белое экстра брют
A9: 82.33_27-08-2026_10-03-52.webp | B9: уверенно | C9: skalistyj-bereg-shepot-czvetov | D9: Скалистый берег Шепот цветов — Скалистый берег — Белое сухое | F9: skalistyj-bereg-shepot-czvetov | G9: skalistyy-bereg-melodiya-leta-krasnostop-zolotovskiy-rozovoe-suhoe-126 | H9: vysokij-bereg-czvajgelt | I9: skalistyy-bereg-dyhanie-voln-shardone-beloe-suhoe-121 | J9: belbek-rkatsiteli-beloe-suhoe-13 | K9: =IF(C9="","",IFERROR(MATCH(C9,F9:J9,0),"нет")) | L9: =IF(C9="","",IF(K9=1,1,0)) | M9: =IF(C9="","",IF(ISNUMBER(K9),1,0)) | N9: Скалистый берег Шепот цветов — Скалистый берег — Белое сухое | O9: Мелодия лета — Скалистый берег — Розовое сухое | P9: Высокий Берег Цвайгельт — Кубань-Вино — Розовое сухое | Q9: Дыхание волн — Скалистый берег — Белое сухое | R9: Ркацители — Бельбек — Белое сухое
A10: 84.73_07-09-2026_11-07-51.webp | B10: уверенно | C10: zhemchuzhnaya-9-aligote-czitron | D10: Жемчужная 9 Алиготе, Цитрон — АРАТТИ — Белое сухое | F10: zhemchuzhnaya-9-aligote-czitron | G10: zhemchuzhnaya-9-czitron-shardone | H10: zhemchuzhnaya-9-sovinon-blan-aligote | I10: zhemchuzhnaya-9-czitron-shardone-1 | J10: czitronnyj-magaracha-sovinon-blan | K10: =IF(C10="","",IFERROR(MATCH(C10,F10:J10,0),"нет")) | L10: =IF(C10="","",IF(K10=1,1,0)) | M10: =IF(C10="","",IF(ISNUMBER(K10),1,0)) | N10: Жемчужная 9 Алиготе, Цитрон — АРАТТИ — Белое сухое | O10: Жемчужная 9 Цитрон, Шардоне — АРАТТИ — Белое сухое | P10: Жемчужная 9 Совиньон блан, Алиготе — АРАТТИ — Белое сухое | Q10: Жемчужная 9 Цитрон, Шардоне — АРАТТИ — Белое полусладкое | R10: Жемчужная 9 Цитрон, Совиньон блан — АРАТТИ — Белое полусухое
A11: 87.09_22-08-2026_20-57-16.webp | B11: уверенно | C11: pobeda | D11: Победа — Табия — Красное сухое | F11: pobeda | G11: vinodelnya-begildeeva-kaberne-sovinon-krasnoe-suhoe-14 | H11: rubin-golodrigi | I11: kaberne-sovinon-2 | J11: chateau-de-talu-kaberne-sovinon-rezerv-krasnoe-suhoe-14 | K11: =IF(C11="","",IFERROR(MATCH(C11,F11:J11,0),"нет")) | L11: =IF(C11="","",IF(K11=1,1,0)) | M11: =IF(C11="","",IF(ISNUMBER(K11),1,0)) | N11: Победа — Табия — Красное сухое | O11: Каберне Совиньон — Винодельня Бегильдеева — Красное сухое | P11: Рубин Голодриги — Табия — Красное сухое | Q11: Каберне Совиньон — Табия — Красное сухое | R11: Каберне Совиньон Резерв — Chateau de Talu — Красное сухое
A12: 87.54_03-09-2026_13-27-53.webp | B12: уверенно | C12: relikta-relikta-sira-kaberne-fran-krasnoe-suhoe-13 | D12: Реликта Сира, Каберне Фран — Реликта — Красное сухое | F12: relikta-relikta-sira-kaberne-fran-krasnoe-suhoe-13 | G12: relikta-relikta-kaberne-sovinon-krasnoe-suhoe-135 | H12: relikta-relikta-merlo-kaberne-sovinon-krasnoe-suhoe-135 | I12: relikta-relikta-sira-krasnoe-suhoe-13 | J12: relikta-relikta-merlo-krasnoe-suhoe-135 | K12: =IF(C12="","",IFERROR(MATCH(C12,F12:J12,0),"нет")) | L12: =IF(C12="","",IF(K12=1,1,0)) | M12: =IF(C12="","",IF(ISNUMBER(K12),1,0)) | N12: Реликта Сира, Каберне Фран — Реликта — Красное сухое | O12: Реликта Каберне Совиньон — Реликта — Красное сухое | P12: Реликта Мерло, Каберне Совиньон — Реликта — Красное сухое | Q12: Реликта Сира — Реликта — Красное сухое | R12: Реликта Мерло — Реликта — Красное сухое
A13: 87.6_20-08-2026_19-56-56.webp | B13: не уверен | C13: leto-shardone-2023-suhoe-beloe | D13: LETO Шардоне 2023 сухое белое — LETO — Белое сухое | E13: есть такое, но на фото черная этикетка вместо белой | F13: vinodelnya-uzunov-shardone-rezerv-beloe-suhoe-135 | G13: vinodelnya-konstantina-dzitoeva-kd-shardone-beloe-suhoe-128 | H13: vinodelnya-uzunov-nrav-rezerv-krasnostop-zolotovskiy-krasnoe-suhoe-139 | I13: vinodelnya-uzunov-rash-rezerv-risling-reynskiy-beloe-suhoe-127 | J13: vinodelnya-vedernikov-tsimlyanskiy-chernyy-rezerv-krasnoe-suhoe-145 | K13: =IF(C13="","",IFERROR(MATCH(C13,F13:J13,0),"нет")) | L13: =IF(C13="","",IF(K13=1,1,0)) | M13: =IF(C13="","",IF(ISNUMBER(K13),1,0)) | N13: Шардоне Резерв — Винодельня Узунов — Белое сухое | O13: KD Шардоне — Винодельня Константина Дзитоева — Белое сухое | P13: Нрав Резерв — Винодельня Узунов — Красное сухое | Q13: РАШ Резерв — Винодельня Узунов — Белое сухое | R13: Цимлянский Черный Резерв — Ведерниковъ — Красное сухое
A14: 87.81_09-09-2026_17-16-36.webp | B14: не уверен | C14: aya-organic-wine-vineyards-purity-in-chenin-blanc-shenen-blan-beloe-suhoe-11 | D14: Purity in Chenin Blanc — AYA Organic Wine & Vineyards — Белое сухое | E14: есть похожее, но в названии вместо in balance написано in-chenin-blanc | F14: aya-organic-wine-vineyards-purity-in-syrah-sira-rozovoe-suhoe-132 | G14: aya-organic-wine-vineyards-purity-in-trinity-pino-nuar-rozovoe-suhoe-13 | H14: aya-organic-wine-vineyards-purity-in-syrah-sira-krasnoe-suhoe-146 | I14: aya-organic-wine-vineyards-purity-in-merlot-merlo-rozovoe-suhoe-134 | J14: aya-organic-wine-vineyards-purity-in-chenin-blanc-shenen-blan-beloe-suhoe-11 | K14: =IF(C14="","",IFERROR(MATCH(C14,F14:J14,0),"нет")) | L14: =IF(C14="","",IF(K14=1,1,0)) | M14: =IF(C14="","",IF(ISNUMBER(K14),1,0)) | N14: Purity in Syrah — AYA Organic Wine & Vineyards — Розовое сухое | O14: Purity in Trinity — AYA Organic Wine & Vineyards — Розовое сухое | P14: Purity in Syrah — AYA Organic Wine & Vineyards — Красное сухое | Q14: Purity in Merlot — AYA Organic Wine & Vineyards — Розовое сухое | R14: Purity in Chenin Blanc — AYA Organic Wine & Vineyards — Белое сухое
A15: 87.88_28-08-2026_16-56-20.webp | B15: не уверен | C15: massandra-muskatel-belyy-belye-sorta-vinograda-beloe-sladkoe-16 | D15: Мускатель белый — Массандра — Белое сладкое | E15: есть такое, но год урожая отличается | F15: massandra-muskatel-belyy-belye-sorta-vinograda-beloe-sladkoe-16 | G15: massandra-muskatel-rozovyy-belye-sorta-vinograda-rozovoe-sladkoe-16 | H15: massandra-muskatel-chernyy-krasnye-sorta-vinograda-krasnoe-sladkoe-16 | I15: massandra-muskat-belyy-yuzhnoberezhnyy-beloe-sladkoe-16 | J15: massandra-muskat | K15: =IF(C15="","",IFERROR(MATCH(C15,F15:J15,0),"нет")) | L15: =IF(C15="","",IF(K15=1,1,0)) | M15: =IF(C15="","",IF(ISNUMBER(K15),1,0)) | N15: Мускатель белый — Массандра — Белое сладкое | O15: Мускатель розовый — Массандра — Розовое сладкое | P15: Мускатель черный — Массандра — Красное сладкое | Q15: Мускат Белый Южнобережный — Массандра — Белое сладкое | R15: Массандра Мускат — Массандра — Белое сухое
A16: 88.2_05-09-2026_16-29-06.webp | B16: нет в каталоге | F16: inkerman-shato-ruzh | G16: inkermanskiy-zmv-winemakers-selection-saperavi-krasnoe-polusladkoe-12 | H16: vinodelnya-begildeeva-kaberne-sovinon-krasnoe-suhoe-14 | I16: inkerman-shato-blan | J16: kuban-vino-kaberne-de-tamane-kaberne-sovinon-krasnoe-suhoe-125 | K16: =IF(C16="","",IFERROR(MATCH(C16,F16:J16,0),"нет")) | L16: =IF(C16="","",IF(K16=1,1,0)) | M16: =IF(C16="","",IF(ISNUMBER(K16),1,0)) | N16: Inkerman Шато Руж — Инкерманский ЗМВ — Красное полусухое | O16: Winemaker's Selection Саперави — Инкерманский ЗМВ — Красное полусладкое | P16: Каберне Совиньон — Винодельня Бегильдеева — Красное сухое | Q16: Инкерман Шато Блан — Инкерманский ЗМВ — Белое полусухое | R16: Каберне де Тамань — Кубань-Вино — Красное сухое
A17: 88.38_20-08-2026_18-32-58.webp | B17: уверенно | C17: czitronnyj-magaracha-sovinon-blan | D17: Жемчужная 9 Цитрон, Совиньон блан — АРАТТИ — Белое полусухое | F17: czitronnyj-magaracha-sovinon-blan | G17: zhemchuzhnaya-9-aligote-czitron | H17: zhemchuzhnaya-9-czitron-shardone | I17: zhemchuzhnaya-9-czitron-shardone-1 | J17: zhemchuzhnaya-9-sovinon-blan-aligote | K17: =IF(C17="","",IFERROR(MATCH(C17,F17:J17,0),"нет")) | L17: =IF(C17="","",IF(K17=1,1,0)) | M17: =IF(C17="","",IF(ISNUMBER(K17),1,0)) | N17: Жемчужная 9 Цитрон, Совиньон блан — АРАТТИ — Белое полусухое | O17: Жемчужная 9 Алиготе, Цитрон — АРАТТИ — Белое сухое | P17: Жемчужная 9 Цитрон, Шардоне — АРАТТИ — Белое сухое | Q17: Жемчужная 9 Цитрон, Шардоне — АРАТТИ — Белое полусладкое | R17: Жемчужная 9 Совиньон блан, Алиготе — АРАТТИ — Белое сухое
A18: 89.65_19-08-2026_19-48-39.webp | B18: уверенно | C18: rozovoe-zoloto | D18: Розовое золото — Табия — Розовое полусухое | F18: rozovoe-zoloto | G18: bukovinka | H18: roze-2 | I18: rubin-golodrigi | J18: oleg | K18: =IF(C18="","",IFERROR(MATCH(C18,F18:J18,0),"нет")) | L18: =IF(C18="","",IF(K18=1,1,0)) | M18: =IF(C18="","",IF(ISNUMBER(K18),1,0)) | N18: Розовое золото — Табия — Розовое полусухое | O18: Буковинка — Табия — Белое полусухое | P18: Розе — Табия — Розовое сухое | Q18: Рубин Голодриги — Табия — Красное сухое | R18: Олег — Табия — Белое сухое
A19: 90.5_02-09-2026_10-32-11.webp | B19: нет в каталоге | F19: inkerman-shato-ruzh | G19: inkerman-shato-blan | H19: inkerman-muskatnoe-beloe | I19: inkermanskiy-zmv-inkerman-bryut-shardone-beloe-135 | J19: inkermanskiy-zmv-inkerman-rozovoe-polusladkoe-rkatsiteli-12 | K19: =IF(C19="","",IFERROR(MATCH(C19,F19:J19,0),"нет")) | L19: =IF(C19="","",IF(K19=1,1,0)) | M19: =IF(C19="","",IF(ISNUMBER(K19),1,0)) | N19: Inkerman Шато Руж — Инкерманский ЗМВ — Красное полусухое | O19: Инкерман Шато Блан — Инкерманский ЗМВ — Белое полусухое | P19: Inkerman Мускатное белое — Инкерманский ЗМВ — Белое полусладкое | Q19: Inkerman брют — Инкерманский ЗМВ — Белое брют | R19: Инкерман Розовое полусладкое — Инкерманский ЗМВ — Розовое полусладкое
A20: 91.07_20-08-2026_18-37-46.webp | B20: уверенно | C20: aratti-kaberne-sovinon-2021-krasnoe-suhoe | D20: АРАТТИ Каберне Совиньон 2021 красное сухое — АРАТТИ — Красное сухое | F20: aratti-kaberne-sovinon-2021-krasnoe-suhoe | G20: aratti-kaberne-sovinon-2020-krasnoe-suhoe | H20: aratti-kaberne-po-belomu | I20: aratti-sovinon-blan-beloe-polusuhoe | J20: aratti-kaberne-po-belomu-1 | K20: =IF(C20="","",IFERROR(MATCH(C20,F20:J20,0),"нет")) | L20: =IF(C20="","",IF(K20=1,1,0)) | M20: =IF(C20="","",IF(ISNUMBER(K20),1,0)) | N20: АРАТТИ Каберне Совиньон 2021 красное сухое — АРАТТИ — Красное сухое | O20: АРАТТИ Каберне Совиньон 2020 красное сухое — АРАТТИ — Красное сухое | P20: АРАТТИ Каберне по-белому — АРАТТИ — Красное сухое | Q20: АРАТТИ Совиньон блан белое полусухое — АРАТТИ — Белое полусухое | R20: АРАТТИ Каберне по-белому — АРАТТИ — Розовое полусухое
A21: 91.43_02-09-2026_12-08-50.webp | B21: уверенно | C21: merlo-2 | D21: Мерло — Литавщук. Litavshchuk vineyards & winery — Красное сухое | F21: vinodelnya-begildeeva-merlo-krasnoe-suhoe-14 | G21: merlo-2 | H21: vinodelnya-begildeeva-kaberne-sovinon-merlo-krasnoe-suhoe-14 | I21: merlo | J21: vinodelnya-batrak-merlo-rozovoe-suhoe-13 | K21: =IF(C21="","",IFERROR(MATCH(C21,F21:J21,0),"нет")) | L21: =IF(C21="","",IF(K21=1,1,0)) | M21: =IF(C21="","",IF(ISNUMBER(K21),1,0)) | N21: Мерло — Винодельня Бегильдеева — Красное сухое | O21: Мерло — Литавщук. Litavshchuk vineyards & winery — Красное сухое | P21: Каберне Совиньон – Мерло — Винодельня Бегильдеева — Красное сухое | Q21: Мерло — Галицкий и Галицкий — Красное сухое | R21: Мерло — Винодельня Батрак — Розовое сухое
A22: 92.21_19-08-2026_18-57-31.webp | B22: уверенно | C22: belaya-lvicza | D22: Белая Львица белое полусладкое — АРАТТИ — Белое полусладкое | F22: belaya-lvicza | G22: chernaya-lvicza-polusladkoe-krasnoe | H22: aratti-muskat-belyj-suhoe | I22: rozovaya-pantera | J22: aratti-muskat-belyj-polusuhoe | K22: =IF(C22="","",IFERROR(MATCH(C22,F22:J22,0),"нет")) | L22: =IF(C22="","",IF(K22=1,1,0)) | M22: =IF(C22="","",IF(ISNUMBER(K22),1,0)) | N22: Белая Львица белое полусладкое — АРАТТИ — Белое полусладкое | O22: Черная Львица полусладкое красное — АРАТТИ — Красное полусладкое | P22: АРАТТИ Мускат белый сухое — АРАТТИ — Белое сухое | Q22: Розовая Пантера полусладкое розовое — АРАТТИ — Розовое полусладкое | R22: АРАТТИ Мускат белый полусухое — АРАТТИ — Белое полусухое
A23: 92.6_07-09-2026_11-04-40.webp | B23: уверенно | C23: aratti-kaberne-sovinon-2020-krasnoe-suhoe | D23: АРАТТИ Каберне Совиньон 2020 красное сухое — АРАТТИ — Красное сухое | F23: aratti-kaberne-sovinon-2020-krasnoe-suhoe | G23: aratti-kaberne-sovinon-2021-krasnoe-suhoe | H23: artvin-kaberne-sovinon-grand-rezerv-krasnoe-suhoe-13 | I23: vinodelnya-begildeeva-kaberne-sovinon-krasnoe-suhoe-14 | J23: aratti-sovinon-blan-beloe-polusuhoe | K23: =IF(C23="","",IFERROR(MATCH(C23,F23:J23,0),"нет")) | L23: =IF(C23="","",IF(K23=1,1,0)) | M23: =IF(C23="","",IF(ISNUMBER(K23),1,0)) | N23: АРАТТИ Каберне Совиньон 2020 красное сухое — АРАТТИ — Красное сухое | O23: АРАТТИ Каберне Совиньон 2021 красное сухое — АРАТТИ — Красное сухое | P23: Каберне Совиньон Гранд Резерв — Артвин — Красное сухое | Q23: Каберне Совиньон — Винодельня Бегильдеева — Красное сухое | R23: АРАТТИ Совиньон блан белое полусухое — АРАТТИ — Белое полусухое
A24: 92.94_21-08-2026_19-37-08.webp | B24: не уверен | C24: denisov-winery-sovinon-blan-beloe-suhoe-115 | D24: Совиньон Блан — Denisov Winery — Белое сухое | E24: есть такое, но этикетка черная, а не белая | F24: denisov-winery-sovinon-blan-beloe-suhoe-115 | G24: dubinin-winery-sovinon-blan-beloe-suhoe-12 | H24: sovinon-blan | I24: zhemchuzhnaya-9-sovinon-blan-aligote | J24: blagolyubov-sovinon-blan-beloe-suhoe-125 | K24: =IF(C24="","",IFERROR(MATCH(C24,F24:J24,0),"нет")) | L24: =IF(C24="","",IF(K24=1,1,0)) | M24: =IF(C24="","",IF(ISNUMBER(K24),1,0)) | N24: Совиньон Блан — Denisov Winery — Белое сухое | O24: Совиньон Блан — Dubinin Winery — Белое сухое | P24: Совиньон Блан — Литавщук. Litavshchuk vineyards & winery — Белое полусладкое | Q24: Жемчужная 9 Совиньон блан, Алиготе — АРАТТИ — Белое сухое | R24: Совиньон Блан — Благолюбов — Белое сухое
A25: 92.96_19-08-2026_21-07-12.webp | B25: уверенно | C25: aratti-kaberne-sovinon-2020-krasnoe-suhoe | D25: АРАТТИ Каберне Совиньон 2020 красное сухое — АРАТТИ — Красное сухое | F25: aratti-kaberne-sovinon-2020-krasnoe-suhoe | G25: aratti-kaberne-sovinon-2021-krasnoe-suhoe | H25: artvin-kaberne-sovinon-grand-rezerv-krasnoe-suhoe-13 | I25: vinodelnya-begildeeva-kaberne-sovinon-krasnoe-suhoe-14 | J25: aratti-vremena-goda-saperavi-leto | K25: =IF(C25="","",IFERROR(MATCH(C25,F25:J25,0),"нет")) | L25: =IF(C25="","",IF(K25=1,1,0)) | M25: =IF(C25="","",IF(ISNUMBER(K25),1,0)) | N25: АРАТТИ Каберне Совиньон 2020 красное сухое — АРАТТИ — Красное сухое | O25: АРАТТИ Каберне Совиньон 2021 красное сухое — АРАТТИ — Красное сухое | P25: Каберне Совиньон Гранд Резерв — Артвин — Красное сухое | Q25: Каберне Совиньон — Винодельня Бегильдеева — Красное сухое | R25: АРАТТИ Времена Года Саперави Лето — АРАТТИ — Красное сухое
A26: 92.99_02-09-2026_04-20-19.webp | B26: нет в каталоге | F26: vinodelnya-myshako-rose-de-noirs-pino-nuar-rozovoe-bryut-123 | G26: rozovaya-pantera | H26: usadba-divnomorskoe-rose-vione-rozovoe-suhoe-125 | I26: kuban-vino-vysokiy-bereg-grafit-roze-kaberne-sovinon-rozovoe-suhoe-12 | J26: mont-blanc-blanc-de-blancs | K26: =IF(C26="","",IFERROR(MATCH(C26,F26:J26,0),"нет")) | L26: =IF(C26="","",IF(K26=1,1,0)) | M26: =IF(C26="","",IF(ISNUMBER(K26),1,0)) | N26: Rose De Noirs — Мысхако — Розовое брют | O26: Розовая Пантера полусладкое розовое — АРАТТИ — Розовое полусладкое | P26: Rose — Усадьба Дивноморское — Розовое сухое | Q26: Высокий Берег Графит Розе — Кубань-Вино — Розовое сухое | R26: Mont Blanc, Blanc de Blancs — Шато АЛВИСА — Белое брют
A27: 93.31_05-09-2026_13-39-37.webp | B27: уверенно | C27: golubitskoe-estate-noble-selection-red-blend-kaberne-sovinon-krasnoe-suhoe-136 | D27: Noble Selection Red Blend — Golubitskoe Estate — Красное сухое | F27: golubitskoe-estate-noble-selection-red-blend-kaberne-sovinon-krasnoe-suhoe-136 | G27: golubitskoe-estate-kaberne-sovinon-noble-selection-krasnoe-suhoe-133 | H27: golubitskoe-estate-kaberne-sovinon-rezerv-krasnoe-suhoe-125 | I27: golubitskoe-estate-noble-selection-white-blend-shardone-beloe-suhoe-135 | J27: pomeste-golubitskoe-kaberne-sovinon-rezerv-krasnoe-suhoe-143 | K27: =IF(C27="","",IFERROR(MATCH(C27,F27:J27,0),"нет")) | L27: =IF(C27="","",IF(K27=1,1,0)) | M27: =IF(C27="","",IF(ISNUMBER(K27),1,0)) | N27: Noble Selection Red Blend — Golubitskoe Estate — Красное сухое | O27: Каберне Совиньон Noble Selection — Golubitskoe Estate — Красное сухое | P27: Каберне Совиньон Резерв — Golubitskoe Estate — Красное сухое | Q27: Noble Selection White Blend — Golubitskoe Estate — Белое сухое | R27: Каберне Совиньон Резерв — Golubitskoe Estate — Красное сухое
A28: 93.43_05-09-2026_13-34-45.webp | B28: уверенно | C28: denisov_pet_nat_rubin | D28: Пет-Нат Рубин — Denisov Winery — Розовое экстра брют | F28: denisov-winery-petnat-risling-beloe-ekstra-bryut-10 | G28: denisov-winery-petnat-rkatsiteli-beloe-ekstra-bryut-107 | H28: denisov-winery-petnat-tsitron-risling-tsitronnyy-magaracha-beloe-ekstra-bryut-102 | I28: denisov_pet_nat_rubin | J28: fioletovyj-rannij-petnat | K28: =IF(C28="","",IFERROR(MATCH(C28,F28:J28,0),"нет")) | L28: =IF(C28="","",IF(K28=1,1,0)) | M28: =IF(C28="","",IF(ISNUMBER(K28),1,0)) | N28: Петнат Рислинг — Denisov Winery — Белое экстра брют | O28: Петнат Ркацители — Denisov Winery — Белое экстра брют | P28: Петнат Цитрон - Рислинг — Denisov Winery — Белое экстра брют | Q28: Пет-Нат Рубин — Denisov Winery — Розовое экстра брют | R28: Фиолетовый Ранний петнат — Гусевъ — Белое экстра брют
A29: 93.68_19-08-2026_20-44-28.webp | B29: уверенно | C29: zakat-denisov-vajneri | D29: Закат. Денисов Вайнери — Denisov Winery — Розовое сухое | F29: zakat-denisov-vajneri | G29: zhemchuzhnaya-9-pino-nuar-muskat-rozovyj | H29: rozovaya-pantera | I29: vinodelnya-78-muskat-polusladkoe-muskat-ottonel-beloe-115 | J29: zhemchuzhnaya-9-pino-nuar-muskat-rozovyj-1 | K29: =IF(C29="","",IFERROR(MATCH(C29,F29:J29,0),"нет")) | L29: =IF(C29="","",IF(K29=1,1,0)) | M29: =IF(C29="","",IF(ISNUMBER(K29),1,0)) | N29: Закат. Денисов Вайнери — Denisov Winery — Розовое сухое | O29: Жемчужная 9 Пино Нуар, Мускат Розовый — АРАТТИ — Розовое сухое | P29: Розовая Пантера полусладкое розовое — АРАТТИ — Розовое полусладкое | Q29: Мускат полусладкое — Винодельня 78 — Белое полусладкое | R29: Жемчужная 9 Пино Нуар, Мускат розовый — АРАТТИ — Розовое полусухое
A30: 93.84_02-09-2026_17-13-04.webp | B30: уверенно | C30: zakat-denisov-vajneri | D30: Закат. Денисов Вайнери — Denisov Winery — Розовое сухое | F30: zakat-denisov-vajneri | G30: vinodelnya-78-muskat-polusladkoe-muskat-ottonel-beloe-115 | H30: rozovaya-pantera | I30: zhemchuzhnaya-9-pino-nuar-muskat-rozovyj | J30: vinodelnya-vedernikov-tsimlyanskiy-chernyy-rozovyy-rozovoe-suhoe-125 | K30: =IF(C30="","",IFERROR(MATCH(C30,F30:J30,0),"нет")) | L30: =IF(C30="","",IF(K30=1,1,0)) | M30: =IF(C30="","",IF(ISNUMBER(K30),1,0)) | N30: Закат. Денисов Вайнери — Denisov Winery — Розовое сухое | O30: Мускат полусладкое — Винодельня 78 — Белое полусладкое | P30: Розовая Пантера полусладкое розовое — АРАТТИ — Розовое полусладкое | Q30: Жемчужная 9 Пино Нуар, Мускат Розовый — АРАТТИ — Розовое сухое | R30: Цимлянский Черный розовый — Ведерниковъ — Розовое сухое
A31: 93.95_05-09-2026_15-29-36.webp | B31: нет в каталоге | F31: novyy-svet-dom-shampanskih-vin-igristoe-vino-vyderzhannoe-polusladkoe-rozovoe-novyy-svet-pino-fran-135 | G31: abrau-dyurso-imperial-kyuve-pino-nuar-rozovoe-bryut-125 | H31: valeriy-zaharin-aligote-avtorskoe-valeriy-zaharin-beloe-bryut-115 | I31: valeriy-zaharin-aligote-burlyuk-beloe-bryut-115 | J31: rozovoe-bryut-1 | K31: =IF(C31="","",IFERROR(MATCH(C31,F31:J31,0),"нет")) | L31: =IF(C31="","",IF(K31=1,1,0)) | M31: =IF(C31="","",IF(ISNUMBER(K31),1,0)) | N31: Игристое вино выдержанное полусладкое розовое «Новый Свет. Пино Фран» — Новый Свет. Дом шампанских вин — Розовое полусладкое | O31: Империал Кюве — Абрау-Дюрсо — Розовое брют | P31: Алиготе. Авторское. Валерий Захарьин — Валерий Захарьин — Белое брют | Q31: Алиготе. Бурлюк — Валерий Захарьин — Белое брют | R31: Розовое брют — Золотая Балка — Розовое брют
A32: 93.97_28-08-2026_16-02-48.webp | B32: нет в каталоге | F32: golubitskoe-estate-chardonnay | G32: golubitskoe-estate-shardone-rezerv-beloe-suhoe-135 | H32: golubitskoe-estate-shardone-noble-selection-barrel-touch-beloe-suhoe-135 | I32: golubitskoe-estate-sovinon-blan-beloe-suhoe-11 | J32: pomeste-golubitskoe-shardone-rezerv-beloe-suhoe-132 | K32: =IF(C32="","",IFERROR(MATCH(C32,F32:J32,0),"нет")) | L32: =IF(C32="","",IF(K32=1,1,0)) | M32: =IF(C32="","",IF(ISNUMBER(K32),1,0)) | N32: Golubitskoe Estate Chardonnay — Поместье Голубицкое — Белое сухое | O32: Шардоне Резерв — Golubitskoe Estate — Белое сухое | P32: Шардоне Noble Selection Barrel Touch — Golubitskoe Estate — Белое сухое | Q32: Совиньон Блан — Golubitskoe Estate — Белое сухое | R32: Шардоне Резерв — Golubitskoe Estate — Белое сухое
A33: 94.02_24-08-2026_17-46-57.webp | B33: уверенно | C33: rubin-golodrigi | D33: Рубин Голодриги — Табия — Красное сухое | F33: rubin-golodrigi | G33: kaberne-sovinon-2 | H33: bukovinka | I33: oleg | J33: roze-2 | K33: =IF(C33="","",IFERROR(MATCH(C33,F33:J33,0),"нет")) | L33: =IF(C33="","",IF(K33=1,1,0)) | M33: =IF(C33="","",IF(ISNUMBER(K33),1,0)) | N33: Рубин Голодриги — Табия — Красное сухое | O33: Каберне Совиньон — Табия — Красное сухое | P33: Буковинка — Табия — Белое полусухое | Q33: Олег — Табия — Белое сухое | R33: Розе — Табия — Розовое сухое
A34: 94.43_05-09-2026_15-29-25.webp | B34: нет в каталоге | F34: novyy-svet-dom-shampanskih-vin-igristoe-vino-vyderzhannoe-polusladkoe-rozovoe-novyy-svet-pino-fran-135 | G34: rozovoe-bryut-1 | H34: vinodelnya-78-muskat-polusladkoe-muskat-ottonel-beloe-115 | I34: balaklava-bryut-rezerv | J34: valeriy-zaharin-aligote-avtorskoe-valeriy-zaharin-beloe-bryut-115 | K34: =IF(C34="","",IFERROR(MATCH(C34,F34:J34,0),"нет")) | L34: =IF(C34="","",IF(K34=1,1,0)) | M34: =IF(C34="","",IF(ISNUMBER(K34),1,0)) | N34: Игристое вино выдержанное полусладкое розовое «Новый Свет. Пино Фран» — Новый Свет. Дом шампанских вин — Розовое полусладкое | O34: Розовое брют — Золотая Балка — Розовое брют | P34: Мускат полусладкое — Винодельня 78 — Белое полусладкое | Q34: Балаклава Брют Резерв — Золотая Балка — Белое брют | R34: Алиготе. Авторское. Валерий Захарьин — Валерий Захарьин — Белое брют
A35: 94.55_02-09-2026_16-53-08.webp | B35: уверенно | C35: denisov_pazori_risling | D35: Пазори Рислинг — Denisov Winery — Белое брют | F35: denisov-winery-pino-nuar-shardone-ekstra-bryut-beloe-125 | G35: denisov_pazori_risling | H35: vinodelnya-zhakov-saperavi-vyderzhannoe-krasnoe-suhoe-115 | I35: vinodelnya-uzunov-nrav-krasnostop-zolotovskiy-krasnoe-suhoe-132 | J35: usadba-aleksandrovskaya-bubnovyy-valet-kaberne-sovinon-krasnoe-polusladkoe-13 | K35: =IF(C35="","",IFERROR(MATCH(C35,F35:J35,0),"нет")) | L35: =IF(C35="","",IF(K35=1,1,0)) | M35: =IF(C35="","",IF(ISNUMBER(K35),1,0)) | N35: Пино Нуар - Шардоне экстра брют — Denisov Winery — Белое экстра брют | O35: Пазори Рислинг — Denisov Winery — Белое брют | P35: Саперави выдержанное — Винодельня Жаков — Красное сухое | Q35: Нрав — Винодельня Узунов — Красное сухое | R35: Бубновый Валет — Усадьба Александровская — Красное полусладкое
A36: 94.72_21-08-2026_15-41-48.webp | B36: не уверен | C36: derbent-vino-desono-kaberne-sovinon-krasnoe-suhoe-125 | D36: Дэсоно Каберне Совиньон — Дербент Вино — Красное сухое | E36: есть такое, но надпись внизу несоответствует, она больше. но фактически одно и то же | F36: derbent-vino-desono-kaberne-sovinon-krasnoe-suhoe-125 | G36: derbent-vino-desono-kaberne-fran-krasnoe-suhoe-125 | H36: derbent-vino-desono-merlo-krasnoe-suhoe-125 | I36: derbent-vino-desono-risling-beloe-suhoe-125 | J36: derbent-vino-desono-shardone-beloe-suhoe-125 | K36: =IF(C36="","",IFERROR(MATCH(C36,F36:J36,0),"нет")) | L36: =IF(C36="","",IF(K36=1,1,0)) | M36: =IF(C36="","",IF(ISNUMBER(K36),1,0)) | N36: Дэсоно Каберне Совиньон — Дербент Вино — Красное сухое | O36: Дэсоно Каберне Фран — Дербент Вино — Красное сухое | P36: Дэсоно Мерло — Дербент Вино — Красное сухое | Q36: Дэсоно Рислинг — Дербент Вино — Белое сухое | R36: Дэсоно Шардоне — Дербент Вино — Белое сухое
A37: 94.7_25-08-2026_15-52-07.webp | B37: уверенно | C37: czitronnyj-magaracha-sovinon-blan | D37: Жемчужная 9 Цитрон, Совиньон блан — АРАТТИ — Белое полусухое | F37: czitronnyj-magaracha-sovinon-blan | G37: zhemchuzhnaya-9-czitron-shardone-1 | H37: zhemchuzhnaya-9-aligote-czitron | I37: zhemchuzhnaya-9-czitron-shardone | J37: zhemchuzhnaya-9-sovinon-blan-aligote | K37: =IF(C37="","",IFERROR(MATCH(C37,F37:J37,0),"нет")) | L37: =IF(C37="","",IF(K37=1,1,0)) | M37: =IF(C37="","",IF(ISNUMBER(K37),1,0)) | N37: Жемчужная 9 Цитрон, Совиньон блан — АРАТТИ — Белое полусухое | O37: Жемчужная 9 Цитрон, Шардоне — АРАТТИ — Белое полусладкое | P37: Жемчужная 9 Алиготе, Цитрон — АРАТТИ — Белое сухое | Q37: Жемчужная 9 Цитрон, Шардоне — АРАТТИ — Белое сухое | R37: Жемчужная 9 Совиньон блан, Алиготе — АРАТТИ — Белое сухое
A38: 94.83_27-08-2026_14-29-28.webp | B38: нет в каталоге | F38: shato-pino-gravitatsiya-kaberne-sovinon-merlo-krasnoe-suhoe-135 | G38: shato-pino-sovinon-blan-semilon-beloe-suhoe-115 | H38: shato-pino-marselan-merlo-krasnoe-suhoe-13 | I38: shato-pino-shardone-beloe-suhoe-125 | J38: shato-pino-aligote-rkatsiteli-beloe-suhoe-12 | K38: =IF(C38="","",IFERROR(MATCH(C38,F38:J38,0),"нет")) | L38: =IF(C38="","",IF(K38=1,1,0)) | M38: =IF(C38="","",IF(ISNUMBER(K38),1,0)) | N38: Гравитация. Каберне Совиньон - Мерло — Шато Пино — Красное сухое | O38: Совиньон Блан - Семильон — Шато Пино — Белое сухое | P38: Марселан - Мерло — Шато Пино — Красное сухое | Q38: Шардоне — Шато Пино — Белое сухое | R38: Алиготе - Ркацители белое сухое — Шато Пино — Белое сухое
A39: 94.8_01-09-2026_10-10-02.webp | B39: нет в каталоге | F39: massandra-portveyn-krasnyy-alushta-krasnye-sorta-vinograda-krasnoe-sladkoe-17 | G39: kaberne-sovinon | H39: vinodelnya-pokrovskaya-pokrovskoe-sladkoe-krasnoe-kaberne-sovinon-13 | I39: massandra-muskat-belyy-yuzhnoberezhnyy-beloe-sladkoe-16 | J39: massandra-portveyn-krasnyy-livadiya-kaberne-sovinon-krasnoe-sladkoe-185 | K39: =IF(C39="","",IFERROR(MATCH(C39,F39:J39,0),"нет")) | L39: =IF(C39="","",IF(K39=1,1,0)) | M39: =IF(C39="","",IF(ISNUMBER(K39),1,0)) | N39: Портвейн красный Алушта — Массандра — Красное сладкое | O39: Каберне Совиньон — Массандра — Красное сладкое | P39: Покровское сладкое красное — Винодельня Покровская — Красное сладкое | Q39: Мускат Белый Южнобережный — Массандра — Белое сладкое | R39: Портвейн красный Ливадия — Массандра — Красное сладкое
A40: 94.94_05-09-2026_15-04-50.webp | B40: не уверен | C40: denisov-winery-sovinon-blan-beloe-suhoe-115 | D40: Совиньон Блан — Denisov Winery — Белое сухое | E40: этикетка немного другая. в slug черная, а на фото белая | F40: denisov-winery-sovinon-blan-beloe-suhoe-115 | G40: dubinin-winery-sovinon-blan-beloe-suhoe-12 | H40: imenie-sikory-sovinon-blan-sikory-beloe-suhoe-13 | I40: zhemchuzhnaya-9-sovinon-blan-aligote | J40: levokumskoe-sovinon-blan-beloe-suhoe-10 | K40: =IF(C40="","",IFERROR(MATCH(C40,F40:J40,0),"нет")) | L40: =IF(C40="","",IF(K40=1,1,0)) | M40: =IF(C40="","",IF(ISNUMBER(K40),1,0)) | N40: Совиньон Блан — Denisov Winery — Белое сухое | O40: Совиньон Блан — Dubinin Winery — Белое сухое | P40: Совиньон Блан Сикоры — Имение Сикоры — Белое сухое | Q40: Жемчужная 9 Совиньон блан, Алиготе — АРАТТИ — Белое сухое | R40: Совиньон Блан — Левокумское — Белое сухое
A41: 94.97_02-09-2026_19-01-48.webp | B41: уверенно | C41: zhemchuzhnaya-9-pino-nuar-muskat-rozovyj-2 | D41: Жемчужная 9 Пино нуар, Мускат Розовый — АРАТТИ — Розовое полусладкое | F41: zhemchuzhnaya-9-pino-nuar-muskat-rozovyj-1 | G41: zhemchuzhnaya-9-pino-nuar-muskat-rozovyj | H41: zhemchuzhnaya-9-pino-nuar-muskat-rozovyj-2 | I41: zhemchuzhnaya-9-muskat-rozovyj-pino-gri | J41: zhemchuzhnaya-9-muskat-rozovyj-kaberne-sovinon | K41: =IF(C41="","",IFERROR(MATCH(C41,F41:J41,0),"нет")) | L41: =IF(C41="","",IF(K41=1,1,0)) | M41: =IF(C41="","",IF(ISNUMBER(K41),1,0)) | N41: Жемчужная 9 Пино Нуар, Мускат розовый — АРАТТИ — Розовое полусухое | O41: Жемчужная 9 Пино Нуар, Мускат Розовый — АРАТТИ — Розовое сухое | P41: Жемчужная 9 Пино нуар, Мускат Розовый — АРАТТИ — Розовое полусладкое | Q41: Жемчужная 9 Мускат Розовый, Пино гри — АРАТТИ — Розовое сухое | R41: Жемчужная 9 Мускат Розовый, Каберне Совиньон — АРАТТИ — Розовое полусладкое
A42: 95.03_04-09-2026_11-39-35.webp | B42: уверенно | C42: fanagoriya-zelyonoe-vino-risling-tsitronnyy-magaracha-beloe-polusuhoe-11 | D42: Зелёное вино. Рислинг - Цитронный Магарача — Фанагория — Белое полусухое | F42: fanagoriya-zelyonoe-vino-risling-tsitronnyy-magaracha-beloe-polusuhoe-11 | G42: fanagoriya-zelyonoe-vino-risling-tsitronnyy-magaracha-merlo-rozovoe-polusuhoe-11 | H42: levokumskoe-beloe-rkatsiteli-suhoe-10 | I42: eleonora | J42: fanagoriya-beloe-polusladkoe | K42: =IF(C42="","",IFERROR(MATCH(C42,F42:J42,0),"нет")) | L42: =IF(C42="","",IF(K42=1,1,0)) | M42: =IF(C42="","",IF(ISNUMBER(K42),1,0)) | N42: Зелёное вино. Рислинг - Цитронный Магарача — Фанагория — Белое полусухое | O42: Зелёное вино. Рислинг - Цитронный Магарача - Мерло — Фанагория — Розовое полусухое | P42: Белое — Левокумское — Белое сухое | Q42: Eleonora, 2021 — WINEMAFIA — Белое сухое | R42: Фанагория белое полусладкое — Фанагория — Белое полусладкое
A43: 95.07_01-09-2026_16-15-35.webp | B43: нет в каталоге | F43: khrustaleva-76-muscat-bryut-beloe | G43: khrustaleva-76-merlot-polusuhoe-rozovoe | H43: khrustaleva-76-muscat-polusladkoe-beloe | I43: aya-khrustaleva-76-merlot-organik | J43: novyy-svet-dom-shampanskih-vin-rossiyskoe-shampanskoe-kollektsionnoe-bryut-beloe-novyy-svet-kyuve-de-prestizh-pino-gri-millezim-rozovoe-125 | K43: =IF(C43="","",IFERROR(MATCH(C43,F43:J43,0),"нет")) | L43: =IF(C43="","",IF(K43=1,1,0)) | M43: =IF(C43="","",IF(ISNUMBER(K43),1,0)) | N43: Khrustaleva 76 muscat, брют, белое — AYA Organic Wine & Vineyards — Белое брют | O43: Khrustaleva 76 merlot, полусухое, розовое — AYA Organic Wine & Vineyards — Розовое полусухое | P43: Khrustaleva 76 muscat, полусладкое, белое — AYA Organic Wine & Vineyards — Белое полусладкое | Q43: Aya Khrustaleva 76 merlot Органик — AYA Organic Wine & Vineyards — Розовое полусухое | R43: Российское шампанское коллекционное брют белое «Новый Свет. Кюве Де Престиж Пино Гри Миллезим» — Новый Свет. Дом шампанских вин — Розовое брют
A44: 95.17_29-08-2026_11-06-42.webp | B44: нет в каталоге | F44: golubitskoe-estate-pino-nuar-rezerv-krasnoe-suhoe-132 | G44: golubitskoe-estate-winery-series-pino-nuar-rozovoe-suhoe-115 | H44: golubitskoe-estate-sovinon-blan-beloe-suhoe-11 | I44: golubitskoe-estate-shardone-rezerv-beloe-suhoe-135 | J44: golubitskoe-estate-red-blend-kaberne-sovinon-krasnoe-suhoe-136 | K44: =IF(C44="","",IFERROR(MATCH(C44,F44:J44,0),"нет")) | L44: =IF(C44="","",IF(K44=1,1,0)) | M44: =IF(C44="","",IF(ISNUMBER(K44),1,0)) | N44: Пино Нуар Резерв — Golubitskoe Estate — Красное сухое | O44: Winery Series. Пино Нуар — Golubitskoe Estate — Розовое сухое | P44: Совиньон Блан — Golubitskoe Estate — Белое сухое | Q44: Шардоне Резерв — Golubitskoe Estate — Белое сухое | R44: Red Blend — Golubitskoe Estate — Красное сухое
A45: 95.19_05-09-2026_15-32-06.webp | B45: нет в каталоге | F45: fanagoriya-alveus-ultra-cuvee-brut-shardone-beloe-bryut-12 | G45: fanagoriya-alveus-ultra-cuvee-ekstra-bryut-beloe-risling-reynskiy-12 | H45: fanagoriya-alveus-ultra-cuvee-ekstra-bryut-rozovoe-merlo-12 | I45: fanagoriya-alveus-ultra-cuvee-bryut-rozovoe-merlo-igristoe-bryut-rozovoe-12 | J45: fanagoriya-blanc-de-blancs-shardone-beloe-bryut-12 | K45: =IF(C45="","",IFERROR(MATCH(C45,F45:J45,0),"нет")) | L45: =IF(C45="","",IF(K45=1,1,0)) | M45: =IF(C45="","",IF(ISNUMBER(K45),1,0)) | N45: Alveus Ultra Cuvee Brut — Фанагория — Белое брют | O45: Alveus Ultra Cuvee. Экстра брют белое — Фанагория — Белое экстра брют | P45: Alveus Ultra Cuvee. Экстра брют розовое — Фанагория — Розовое экстра брют | Q45: Alveus Ultra Cuvee. Брют розовое — Фанагория — Розовое брют | R45: Blanc de Blancs — Фанагория — Белое брют
A46: 95.24_19-08-2026_20-00-22.webp | B46: уверенно | C46: zhemchuzhnaya-9-czitron-shardone-1 | D46: Жемчужная 9 Цитрон, Шардоне — АРАТТИ — Белое полусладкое | F46: zhemchuzhnaya-9-czitron-shardone-1 | G46: czitronnyj-magaracha-sovinon-blan | H46: zhemchuzhnaya-9-aligote-czitron | I46: zhemchuzhnaya-9-czitron-shardone | J46: zhemchuzhnaya-9-sovinon-blan-aligote | K46: =IF(C46="","",IFERROR(MATCH(C46,F46:J46,0),"нет")) | L46: =IF(C46="","",IF(K46=1,1,0)) | M46: =IF(C46="","",IF(ISNUMBER(K46),1,0)) | N46: Жемчужная 9 Цитрон, Шардоне — АРАТТИ — Белое полусладкое | O46: Жемчужная 9 Цитрон, Совиньон блан — АРАТТИ — Белое полусухое | P46: Жемчужная 9 Алиготе, Цитрон — АРАТТИ — Белое сухое | Q46: Жемчужная 9 Цитрон, Шардоне — АРАТТИ — Белое сухое | R46: Жемчужная 9 Совиньон блан, Алиготе — АРАТТИ — Белое сухое
A47: 95.29_21-08-2026_17-24-49.webp | B47: нет в каталоге | F47: bakla-vines-pino-nuar-krasnoe-suhoe-125 | G47: vaynkraft-pino-nuar-krasnoe-suhoe-13 | H47: usadba-mezyb-shishka-pino-nuar-rozovoe-suhoe-115 | I47: usadba-perovskih-pino-nuar-rezerv-krasnoe-suhoe-122 | J47: risling-1 | K47: =IF(C47="","",IFERROR(MATCH(C47,F47:J47,0),"нет")) | L47: =IF(C47="","",IF(K47=1,1,0)) | M47: =IF(C47="","",IF(ISNUMBER(K47),1,0)) | N47: Пино Нуар — Bakla Vines — Красное сухое | O47: Пино Нуар — ВайнКрафт — Красное сухое | P47: Шишка. Пино Нуар — Усадьба Мезыбь — Розовое сухое | Q47: Пино Нуар Резерв — Усадьба Перовских — Красное сухое | R47: Рислинг — Табия — Белое полусухое
A48: 95.2_05-09-2026_13-54-13.webp | B48: уверенно | C48: aratti-kaberne-po-belomu-1 | D48: АРАТТИ Каберне по-белому — АРАТТИ — Розовое полусухое | F48: aratti-kaberne-po-belomu-1 | G48: aratti-kaberne-po-belomu | H48: aratti-kaberne-sovinon-2021-krasnoe-suhoe | I48: aratti-muskat-belyj-polusuhoe | J48: aratti-muskat-belyj-suhoe | K48: =IF(C48="","",IFERROR(MATCH(C48,F48:J48,0),"нет")) | L48: =IF(C48="","",IF(K48=1,1,0)) | M48: =IF(C48="","",IF(ISNUMBER(K48),1,0)) | N48: АРАТТИ Каберне по-белому — АРАТТИ — Розовое полусухое | O48: АРАТТИ Каберне по-белому — АРАТТИ — Красное сухое | P48: АРАТТИ Каберне Совиньон 2021 красное сухое — АРАТТИ — Красное сухое | Q48: АРАТТИ Мускат белый полусухое — АРАТТИ — Белое полусухое | R48: АРАТТИ Мускат белый сухое — АРАТТИ — Белое сухое
A49: 95.32_02-09-2026_12-09-23.webp | B49: уверенно | C49: sovinon-blan | D49: Совиньон Блан — Литавщук. Litavshchuk vineyards & winery — Белое полусладкое | F49: sovinon-blan | G49: blagolyubov-sovinon-blan-beloe-suhoe-125 | H49: vinodelnya-begildeeva-kaberne-sovinon-krasnoe-suhoe-14 | I49: dubinin-winery-sovinon-blan-beloe-suhoe-12 | J49: vinodelnya-begildeeva-kaberne-sovinon-merlo-krasnoe-suhoe-14 | K49: =IF(C49="","",IFERROR(MATCH(C49,F49:J49,0),"нет")) | L49: =IF(C49="","",IF(K49=1,1,0)) | M49: =IF(C49="","",IF(ISNUMBER(K49),1,0)) | N49: Совиньон Блан — Литавщук. Litavshchuk vineyards & winery — Белое полусладкое | O49: Совиньон Блан — Благолюбов — Белое сухое | P49: Каберне Совиньон — Винодельня Бегильдеева — Красное сухое | Q49: Совиньон Блан — Dubinin Winery — Белое сухое | R49: Каберне Совиньон – Мерло — Винодельня Бегильдеева — Красное сухое
A50: 95.35_05-09-2026_15-29-53.webp | B50: нет в каталоге | F50: fanagoriya-alveus-ultra-cuvee-brut-shardone-beloe-bryut-12 | G50: fanagoriya-alveus-ultra-cuvee-ekstra-bryut-rozovoe-merlo-12 | H50: fanagoriya-alveus-ultra-cuvee-ekstra-bryut-beloe-risling-reynskiy-12 | I50: fanagoriya-alveus-ultra-cuvee-bryut-rozovoe-merlo-igristoe-bryut-rozovoe-12 | J50: fanagoriya-blanc-de-blancs-shardone-beloe-bryut-12 | K50: =IF(C50="","",IFERROR(MATCH(C50,F50:J50,0),"нет")) | L50: =IF(C50="","",IF(K50=1,1,0)) | M50: =IF(C50="","",IF(ISNUMBER(K50),1,0)) | N50: Alveus Ultra Cuvee Brut — Фанагория — Белое брют | O50: Alveus Ultra Cuvee. Экстра брют розовое — Фанагория — Розовое экстра брют | P50: Alveus Ultra Cuvee. Экстра брют белое — Фанагория — Белое экстра брют | Q50: Alveus Ultra Cuvee. Брют розовое — Фанагория — Розовое брют | R50: Blanc de Blancs — Фанагория — Белое брют
A51: 95.36_28-08-2026_17-09-04.webp | B51: нет в каталоге | F51: winemaker-selection | G51: inkermanskiy-zmv-inkerman-bryut-rkatsiteli-beloe-12 | H51: inkerman-shato-ruzh | I51: inkermanskiy-zmv-inkerman-bryut-shardone-beloe-135 | J51: inkerman-shato-blan | K51: =IF(C51="","",IFERROR(MATCH(C51,F51:J51,0),"нет")) | L51: =IF(C51="","",IF(K51=1,1,0)) | M51: =IF(C51="","",IF(ISNUMBER(K51),1,0)) | N51: Winemaker selection — Инкерманский ЗМВ — Белое полусухое | O51: Инкерман Брют — Инкерманский ЗМВ — Белое брют | P51: Inkerman Шато Руж — Инкерманский ЗМВ — Красное полусухое | Q51: Inkerman брют — Инкерманский ЗМВ — Белое брют | R51: Инкерман Шато Блан — Инкерманский ЗМВ — Белое полусухое
A52: 95.49_05-09-2026_15-34-51.webp | B52: уверенно | C52: zhemchuzhnaya-9-pino-nuar-muskat-rozovyj-2 | D52: Жемчужная 9 Пино нуар, Мускат Розовый — АРАТТИ — Розовое полусладкое | F52: zhemchuzhnaya-9-pino-nuar-muskat-rozovyj-1 | G52: zhemchuzhnaya-9-pino-nuar-muskat-rozovyj | H52: zhemchuzhnaya-9-muskat-rozovyj-pino-gri | I52: zhemchuzhnaya-9-pino-nuar-muskat-rozovyj-2 | J52: zhemchuzhnaya-9-pino-gri-pino-nuar | K52: =IF(C52="","",IFERROR(MATCH(C52,F52:J52,0),"нет")) | L52: =IF(C52="","",IF(K52=1,1,0)) | M52: =IF(C52="","",IF(ISNUMBER(K52),1,0)) | N52: Жемчужная 9 Пино Нуар, Мускат розовый — АРАТТИ — Розовое полусухое | O52: Жемчужная 9 Пино Нуар, Мускат Розовый — АРАТТИ — Розовое сухое | P52: Жемчужная 9 Мускат Розовый, Пино гри — АРАТТИ — Розовое сухое | Q52: Жемчужная 9 Пино нуар, Мускат Розовый — АРАТТИ — Розовое полусладкое | R52: Жемчужная 9 Пино Гри, Пино Нуар — АРАТТИ — Розовое сухое
A53: 95.63_24-08-2026_17-47-43.webp | B53: уверенно | C53: rubin-golodrigi | D53: Рубин Голодриги — Табия — Красное сухое | F53: rubin-golodrigi | G53: kaberne-sovinon-2 | H53: bukovinka | I53: roze-2 | J53: rozovoe-zoloto | K53: =IF(C53="","",IFERROR(MATCH(C53,F53:J53,0),"нет")) | L53: =IF(C53="","",IF(K53=1,1,0)) | M53: =IF(C53="","",IF(ISNUMBER(K53),1,0)) | N53: Рубин Голодриги — Табия — Красное сухое | O53: Каберне Совиньон — Табия — Красное сухое | P53: Буковинка — Табия — Белое полусухое | Q53: Розе — Табия — Розовое сухое | R53: Розовое золото — Табия — Розовое полусухое
A54: 95.75_02-09-2026_14-47-49.webp | B54: уверенно | C54: uva-vallis-risling | D54: Uva Vallis Рислинг — Uva Vallis — Красное сухое | F54: uva-vallis-risling | G54: uva-vallis-shardone | H54: uva-vallis-sira | I54: uva-vallis-sovinon-blan | J54: alma-valley-risling-beloe-polusuhoe-125 | K54: =IF(C54="","",IFERROR(MATCH(C54,F54:J54,0),"нет")) | L54: =IF(C54="","",IF(K54=1,1,0)) | M54: =IF(C54="","",IF(ISNUMBER(K54),1,0)) | N54: Uva Vallis Рислинг — Uva Vallis — Красное сухое | O54: Uva Vallis Шардоне — Uva Vallis — Белое сухое | P54: Uva Vallis Сира — Uva Vallis — Красное сухое | Q54: Uva Vallis Совиньон Блан — Uva Vallis — Белое сухое | R54: Рислинг — Alma Valley — Белое полусухое
A55: 95.76_23-08-2026_18-19-43.webp | B55: уверенно | C55: denisov_barynya_kurmyshi | D55: Барыня. Курмыши — Denisov Winery — Розовое сухое | F55: denisov_pereplyas_kurmyshi | G55: denisov_barynya_kurmyshi | H55: denisov-winery-assamblyazh-rubin-golodrigi-rozovoe-suhoe-12 | I55: denisov_pino_noir_klaret | J55: belbek-kokur-kokur-belyy-beloe-suhoe-13 | K55: =IF(C55="","",IFERROR(MATCH(C55,F55:J55,0),"нет")) | L55: =IF(C55="","",IF(K55=1,1,0)) | M55: =IF(C55="","",IF(ISNUMBER(K55),1,0)) | N55: Перепляс. Курмыши — Denisov Winery — Розовое сухое | O55: Барыня. Курмыши — Denisov Winery — Розовое сухое | P55: Ассамбляж — Denisov Winery — Розовое сухое | Q55: Пино Нуар кларет. Красная стрелка — Denisov Winery — Розовое сухое | R55: Кокур — Бельбек — Белое сухое
A56: 95.88_02-09-2026_14-41-59.webp | B56: уверенно | C56: fanagoriya-zelyonoe-vino-risling-tsitronnyy-magaracha-beloe-polusuhoe-11 | D56: Зелёное вино. Рислинг - Цитронный Магарача — Фанагория — Белое полусухое | F56: fanagoriya-zelyonoe-vino-risling-tsitronnyy-magaracha-beloe-polusuhoe-11 | G56: fanagoriya-zelyonoe-vino-risling-tsitronnyy-magaracha-merlo-rozovoe-polusuhoe-11 | H56: rozovoe-polusladkoe | I56: fanagoriya-beloe-polusladkoe | J56: fanagoriya-ice-wine-risling-tihoe-beloe-sladkoe-10 | K56: =IF(C56="","",IFERROR(MATCH(C56,F56:J56,0),"нет")) | L56: =IF(C56="","",IF(K56=1,1,0)) | M56: =IF(C56="","",IF(ISNUMBER(K56),1,0)) | N56: Зелёное вино. Рислинг - Цитронный Магарача — Фанагория — Белое полусухое | O56: Зелёное вино. Рислинг - Цитронный Магарача - Мерло — Фанагория — Розовое полусухое | P56: Розовое полусладкое — Фанагория — Розовое полусладкое | Q56: Фанагория белое полусладкое — Фанагория — Белое полусладкое | R56: Ice Wine Рислинг тихое — Фанагория — Белое сладкое
A57: 95.8_19-08-2026_19-33-23.webp | B57: уверенно | C57: roze-2 | D57: Розе — Табия — Розовое сухое | F57: roze-2 | G57: bukovinka | H57: rozovoe-zoloto | I57: rubin-golodrigi | J57: oleg | K57: =IF(C57="","",IFERROR(MATCH(C57,F57:J57,0),"нет")) | L57: =IF(C57="","",IF(K57=1,1,0)) | M57: =IF(C57="","",IF(ISNUMBER(K57),1,0)) | N57: Розе — Табия — Розовое сухое | O57: Буковинка — Табия — Белое полусухое | P57: Розовое золото — Табия — Розовое полусухое | Q57: Рубин Голодриги — Табия — Красное сухое | R57: Олег — Табия — Белое сухое
A58: 95.8_19-08-2026_20-47-59.webp | B58: не уверен | C58: denisov-winery-sovinon-blan-beloe-suhoe-115 | D58: Совиньон Блан — Denisov Winery — Белое сухое | E58: этикетка по цвету другая | F58: denisov-winery-sovinon-blan-beloe-suhoe-115 | G58: dubinin-winery-sovinon-blan-beloe-suhoe-12 | H58: sovinon-blan | I58: sovinon-blan-krasnaya-gorka | J58: blagolyubov-sovinon-blan-beloe-suhoe-125 | K58: =IF(C58="","",IFERROR(MATCH(C58,F58:J58,0),"нет")) | L58: =IF(C58="","",IF(K58=1,1,0)) | M58: =IF(C58="","",IF(ISNUMBER(K58),1,0)) | N58: Совиньон Блан — Denisov Winery — Белое сухое | O58: Совиньон Блан — Dubinin Winery — Белое сухое | P58: Совиньон Блан — Литавщук. Litavshchuk vineyards & winery — Белое полусладкое | Q58: Совиньон Блан — Галицкий и Галицкий — Белое сухое | R58: Совиньон Блан — Благолюбов — Белое сухое
A59: 96.05_28-08-2026_09-14-57.webp | B59: нет в каталоге | F59: usadba-divnomorskoe-yuzhnyy-les-merlo-krasnoe-suhoe-137 | G59: usadba-divnomorskoe-solnechnyy-veter-shardone-beloe-suhoe-125 | H59: usadba-divnomorskoe-solist-marselan-rozovoe-suhoe-115 | I59: usadba-divnomorskoe-holodnyy-tuman-risling-beloe-suhoe-115 | J59: vinodelnya-vedernikov-vedernikov-krasnostop-zolotovskiy-magnum-krasnoe-suhoe-145 | K59: =IF(C59="","",IFERROR(MATCH(C59,F59:J59,0),"нет")) | L59: =IF(C59="","",IF(K59=1,1,0)) | M59: =IF(C59="","",IF(ISNUMBER(K59),1,0)) | N59: Южный Лес — Усадьба Дивноморское — Красное сухое | O59: Солнечный Ветер — Усадьба Дивноморское — Белое сухое | P59: Солист — Усадьба Дивноморское — Розовое сухое | Q59: Холодный Туман — Усадьба Дивноморское — Белое сухое | R59: Ведерниковъ Красностоп Золотовский (магнум) — Ведерниковъ — Красное сухое
A60: 96.07_28-08-2026_16-10-06.webp | B60: уверенно | C60: golubitskoe-estate-kaberne-sovinon-krasnoe-suhoe-137 | D60: Каберне Совиньон — Golubitskoe Estate — Красное сухое | F60: golubitskoe-estate-kaberne-sovinon-krasnoe-suhoe-137 | G60: golubitskoe-estate-red-blend-kaberne-sovinon-krasnoe-suhoe-136 | H60: pomeste-golubitskoe-kaberne-sovinon-rezerv-krasnoe-suhoe-143 | I60: golubitskoe-estate-kaberne-sovinon-rezerv-krasnoe-suhoe-125 | J60: golubitskoe-estate-sovinon-blan-beloe-suhoe-11 | K60: =IF(C60="","",IFERROR(MATCH(C60,F60:J60,0),"нет")) | L60: =IF(C60="","",IF(K60=1,1,0)) | M60: =IF(C60="","",IF(ISNUMBER(K60),1,0)) | N60: Каберне Совиньон — Golubitskoe Estate — Красное сухое | O60: Red Blend — Golubitskoe Estate — Красное сухое | P60: Каберне Совиньон Резерв — Golubitskoe Estate — Красное сухое | Q60: Каберне Совиньон Резерв — Golubitskoe Estate — Красное сухое | R60: Совиньон Блан — Golubitskoe Estate — Белое сухое
A61: 96.08_22-08-2026_15-12-27.webp | B61: уверенно | C61: zhemchuzhnaya-9-czitron-shardone-1 | D61: Жемчужная 9 Цитрон, Шардоне — АРАТТИ — Белое полусладкое | F61: zhemchuzhnaya-9-czitron-shardone-1 | G61: zhemchuzhnaya-9-aligote-czitron | H61: zhemchuzhnaya-9-czitron-shardone | I61: czitronnyj-magaracha-sovinon-blan | J61: zhemchuzhnaya-9-sovinon-blan-aligote | K61: =IF(C61="","",IFERROR(MATCH(C61,F61:J61,0),"нет")) | L61: =IF(C61="","",IF(K61=1,1,0)) | M61: =IF(C61="","",IF(ISNUMBER(K61),1,0)) | N61: Жемчужная 9 Цитрон, Шардоне — АРАТТИ — Белое полусладкое | O61: Жемчужная 9 Алиготе, Цитрон — АРАТТИ — Белое сухое | P61: Жемчужная 9 Цитрон, Шардоне — АРАТТИ — Белое сухое | Q61: Жемчужная 9 Цитрон, Совиньон блан — АРАТТИ — Белое полусухое | R61: Жемчужная 9 Совиньон блан, Алиготе — АРАТТИ — Белое сухое
A62: 96.08_28-08-2026_16-29-50.webp | B62: уверенно | C62: golubitskoe-estate-merlo-krasnoe-suhoe-135 | D62: Мерло — Golubitskoe Estate — Красное сухое | F62: golubitskoe-estate-merlo-krasnoe-suhoe-135 | G62: golubitskoe-estate-merlo-rezerv-krasnoe-suhoe-135 | H62: golubitskoe-estate-red-blend-kaberne-sovinon-krasnoe-suhoe-136 | I62: golubitskoe-estate-pino-nuar-rezerv-krasnoe-suhoe-132 | J62: golubitskoe-rose | K62: =IF(C62="","",IFERROR(MATCH(C62,F62:J62,0),"нет")) | L62: =IF(C62="","",IF(K62=1,1,0)) | M62: =IF(C62="","",IF(ISNUMBER(K62),1,0)) | N62: Мерло — Golubitskoe Estate — Красное сухое | O62: Мерло Резерв — Golubitskoe Estate — Красное сухое | P62: Red Blend — Golubitskoe Estate — Красное сухое | Q62: Пино Нуар Резерв — Golubitskoe Estate — Красное сухое | R62: Golubitskoe Rose — Поместье Голубицкое — Розовое сухое
A63: 96.11_22-08-2026_21-29-20.webp | B63: нет в каталоге | F63: abrau-dyurso-udelnoe-vedomstvo-imperatorskoe-beloe-bryut | G63: abrau-dyurso-imperial-brut-vintage-shardone-beloe-bryut-12 | H63: aristov-anima-millesimato-beloe-bryut | I63: abrau-dyurso-imperatorskoe-bryut-shardone-beloe-12 | J63: aristov-anima-pinot-grigio-blush | K63: =IF(C63="","",IFERROR(MATCH(C63,F63:J63,0),"нет")) | L63: =IF(C63="","",IF(K63=1,1,0)) | M63: =IF(C63="","",IF(ISNUMBER(K63),1,0)) | N63: Абрау Дюрсо Удельное Ведомство Императорское белое брют — Абрау-Дюрсо — Белое брют | O63: Империал. Brut Vintage — Абрау-Дюрсо — Белое брют | P63: Аристов ANIMA Millesimato белое брют — Кубань-Вино — Белое брют | Q63: Императорское брют — Абрау-Дюрсо — Белое брют | R63: Аристов Anima Pinot Grigio Blush — Кубань-Вино — Розовое брют
A64: 96.13_19-08-2026_19-33-10.webp | B64: уверенно | C64: roze-2 | D64: Розе — Табия — Розовое сухое | F64: roze-2 | G64: oleg | H64: bukovinka | I64: rozovoe-zoloto | J64: rubin-golodrigi | K64: =IF(C64="","",IFERROR(MATCH(C64,F64:J64,0),"нет")) | L64: =IF(C64="","",IF(K64=1,1,0)) | M64: =IF(C64="","",IF(ISNUMBER(K64),1,0)) | N64: Розе — Табия — Розовое сухое | O64: Олег — Табия — Белое сухое | P64: Буковинка — Табия — Белое полусухое | Q64: Розовое золото — Табия — Розовое полусухое | R64: Рубин Голодриги — Табия — Красное сухое
A65: 96.15_22-08-2026_20-56-09.webp | B65: уверенно | C65: roze-2 | D65: Розе — Табия — Розовое сухое | F65: roze-2 | G65: rozovoe-zoloto | H65: bukovinka | I65: rubin-golodrigi | J65: oleg | K65: =IF(C65="","",IFERROR(MATCH(C65,F65:J65,0),"нет")) | L65: =IF(C65="","",IF(K65=1,1,0)) | M65: =IF(C65="","",IF(ISNUMBER(K65),1,0)) | N65: Розе — Табия — Розовое сухое | O65: Розовое золото — Табия — Розовое полусухое | P65: Буковинка — Табия — Белое полусухое | Q65: Рубин Голодриги — Табия — Красное сухое | R65: Олег — Табия — Белое сухое
A66: 96.27_20-08-2026_16-26-30.webp | B66: уверенно | C66: zhemchuzhnaya-9-pino-nuar-muskat-rozovyj-1 | D66: Жемчужная 9 Пино Нуар, Мускат розовый — АРАТТИ — Розовое полусухое | F66: zhemchuzhnaya-9-pino-nuar-muskat-rozovyj-1 | G66: zhemchuzhnaya-9-pino-nuar-muskat-rozovyj | H66: zhemchuzhnaya-9-pino-nuar-muskat-rozovyj-2 | I66: zhemchuzhnaya-9-muskat-rozovyj-pino-gri | J66: zhemchuzhnaya-9-muskat-rozovyj-kaberne-sovinon | K66: =IF(C66="","",IFERROR(MATCH(C66,F66:J66,0),"нет")) | L66: =IF(C66="","",IF(K66=1,1,0)) | M66: =IF(C66="","",IF(ISNUMBER(K66),1,0)) | N66: Жемчужная 9 Пино Нуар, Мускат розовый — АРАТТИ — Розовое полусухое | O66: Жемчужная 9 Пино Нуар, Мускат Розовый — АРАТТИ — Розовое сухое | P66: Жемчужная 9 Пино нуар, Мускат Розовый — АРАТТИ — Розовое полусладкое | Q66: Жемчужная 9 Мускат Розовый, Пино гри — АРАТТИ — Розовое сухое | R66: Жемчужная 9 Мускат Розовый, Каберне Совиньон — АРАТТИ — Розовое полусладкое
A67: 96.29_21-08-2026_19-39-02.webp | B67: не уверен | C67: denisov-winery-sovinon-blan-beloe-suhoe-115 | D67: Совиньон Блан — Denisov Winery — Белое сухое | E67: этикетка немного другая. в slug черная, а на фото белая | F67: denisov-winery-sovinon-blan-beloe-suhoe-115 | G67: dubinin-winery-sovinon-blan-beloe-suhoe-12 | H67: blagolyubov-sovinon-blan-beloe-suhoe-125 | I67: zhemchuzhnaya-9-sovinon-blan-aligote | J67: vinodelnya-myshako-sovinon-blan-avtorskaya-tehnologiya-mono-beloe-suhoe-128 | K67: =IF(C67="","",IFERROR(MATCH(C67,F67:J67,0),"нет")) | L67: =IF(C67="","",IF(K67=1,1,0)) | M67: =IF(C67="","",IF(ISNUMBER(K67),1,0)) | N67: Совиньон Блан — Denisov Winery — Белое сухое | O67: Совиньон Блан — Dubinin Winery — Белое сухое | P67: Совиньон Блан — Благолюбов — Белое сухое | Q67: Жемчужная 9 Совиньон блан, Алиготе — АРАТТИ — Белое сухое | R67: Совиньон Блан. Авторская технология. Моно — Мысхако — Белое сухое
A68: 96.2_28-08-2026_09-13-27.webp | B68: нет в каталоге | F68: usadba-divnomorskoe-yuzhnyy-les-merlo-krasnoe-suhoe-137 | G68: usadba-divnomorskoe-solnechnyy-veter-shardone-beloe-suhoe-125 | H68: usadba-divnomorskoe-solist-marselan-rozovoe-suhoe-115 | I68: usadba-divnomorskoe-holodnyy-tuman-risling-beloe-suhoe-115 | J68: vinodelnya-vedernikov-vedernikov-tsimlyanskiy-chyornyy-tsimlyanskiy-chernyy-krasnoe-suhoe-14 | K68: =IF(C68="","",IFERROR(MATCH(C68,F68:J68,0),"нет")) | L68: =IF(C68="","",IF(K68=1,1,0)) | M68: =IF(C68="","",IF(ISNUMBER(K68),1,0)) | N68: Южный Лес — Усадьба Дивноморское — Красное сухое | O68: Солнечный Ветер — Усадьба Дивноморское — Белое сухое | P68: Солист — Усадьба Дивноморское — Розовое сухое | Q68: Холодный Туман — Усадьба Дивноморское — Белое сухое | R68: Ведерниковъ Цимлянский Чёрный — Ведерниковъ — Красное сухое
A69: 96.2_28-08-2026_19-25-29.webp | B69: нет в каталоге | F69: novyy-svet-dom-shampanskih-vin-rossiyskoe-shampanskoe-kollektsionnoe-bryut-beloe-novyy-svet-yubileynoe-risling-13 | G69: derbent-vino-graf-vorontsov-beloe-polusladkoe-sovinon-blan-105-125 | H69: novyy-svet-dom-shampanskih-vin-rossiyskoe-shampanskoe-kollektsionnoe-bryut-beloe-novyy-svet-zolotoy-risling-suhoe-13 | I69: derbent-vino-graf-vorontsov-bryut-beloe-sovinon-blan-105-125 | J69: derbent-vino-graf-vorontsov-bryut-rozovoe-pervenets-magaracha-105-125 | K69: =IF(C69="","",IFERROR(MATCH(C69,F69:J69,0),"нет")) | L69: =IF(C69="","",IF(K69=1,1,0)) | M69: =IF(C69="","",IF(ISNUMBER(K69),1,0)) | N69: Российское шампанское коллекционное брют белое «Новый Свет. Юбилейное» — Новый Свет. Дом шампанских вин — Белое брют | O69: Граф Воронцов. Белое полусладкое — Дербент Вино — Белое полусладкое | P69: Российское шампанское коллекционное брют белое «Новый Свет. Золотой Рислинг» — Новый Свет. Дом шампанских вин — Белое сухое | Q69: Граф Воронцов. Брют белое — Дербент Вино — Белое брют | R69: Граф Воронцов. Брют розовое — Дербент Вино — Розовое брют
A70: 96.31_09-09-2026_19-29-01.webp | B70: уверенно | C70: aratti-kaberne-po-belomu | D70: АРАТТИ Каберне по-белому — АРАТТИ — Красное сухое | F70: aratti-kaberne-po-belomu-1 | G70: aratti-kaberne-po-belomu | H70: aratti-vremena-goda-saperavi-leto | I70: aratti-kaberne-sovinon-2021-krasnoe-suhoe | J70: aratti-shardone-beloe-suhoe | K70: =IF(C70="","",IFERROR(MATCH(C70,F70:J70,0),"нет")) | L70: =IF(C70="","",IF(K70=1,1,0)) | M70: =IF(C70="","",IF(ISNUMBER(K70),1,0)) | N70: АРАТТИ Каберне по-белому — АРАТТИ — Розовое полусухое | O70: АРАТТИ Каберне по-белому — АРАТТИ — Красное сухое | P70: АРАТТИ Времена Года Саперави Лето — АРАТТИ — Красное сухое | Q70: АРАТТИ Каберне Совиньон 2021 красное сухое — АРАТТИ — Красное сухое | R70: АРАТТИ Шардоне белое сухое — АРАТТИ — Белое сухое
A71: 96.31_21-08-2026_17-24-55.webp | B71: уверенно | C71: bukovinka | D71: Буковинка — Табия — Белое полусухое | F71: bukovinka | G71: rubin-golodrigi | H71: kaberne-sovinon-2 | I71: oleg | J71: rozovoe-zoloto | K71: =IF(C71="","",IFERROR(MATCH(C71,F71:J71,0),"нет")) | L71: =IF(C71="","",IF(K71=1,1,0)) | M71: =IF(C71="","",IF(ISNUMBER(K71),1,0)) | N71: Буковинка — Табия — Белое полусухое | O71: Рубин Голодриги — Табия — Красное сухое | P71: Каберне Совиньон — Табия — Красное сухое | Q71: Олег — Табия — Белое сухое | R71: Розовое золото — Табия — Розовое полусухое
A72: 96.3_08-09-2026_10-53-14.webp | B72: нет в каталоге | F72: rozovoe-polusladkoe | G72: fanagoriya-beloe-polusladkoe | H72: fanagoriya-zelyonoe-vino-risling-tsitronnyy-magaracha-merlo-rozovoe-polusuhoe-11 | I72: fanagoriya-zelyonoe-vino-risling-tsitronnyy-magaracha-beloe-polusuhoe-11 | J72: vinodelnya-pokrovskaya-risling-pokrovskoe-risling-reynskiy-beloe-suhoe-13 | K72: =IF(C72="","",IFERROR(MATCH(C72,F72:J72,0),"нет")) | L72: =IF(C72="","",IF(K72=1,1,0)) | M72: =IF(C72="","",IF(ISNUMBER(K72),1,0)) | N72: Розовое полусладкое — Фанагория — Розовое полусладкое | O72: Фанагория белое полусладкое — Фанагория — Белое полусладкое | P72: Зелёное вино. Рислинг - Цитронный Магарача - Мерло — Фанагория — Розовое полусухое | Q72: Зелёное вино. Рислинг - Цитронный Магарача — Фанагория — Белое полусухое | R72: Рислинг. Покровское — Винодельня Покровская — Белое сухое
A73: 96.3_28-08-2026_09-12-56.webp | B73: нет в каталоге | F73: usadba-divnomorskoe-yuzhnyy-les-merlo-krasnoe-suhoe-137 | G73: usadba-divnomorskoe-solist-marselan-rozovoe-suhoe-115 | H73: usadba-divnomorskoe-solnechnyy-veter-shardone-beloe-suhoe-125 | I73: usadba-divnomorskoe-holodnyy-tuman-risling-beloe-suhoe-115 | J73: vinodelnya-vedernikov-vedernikov-krasnostop-zolotovskiy-magnum-krasnoe-suhoe-145 | K73: =IF(C73="","",IFERROR(MATCH(C73,F73:J73,0),"нет")) | L73: =IF(C73="","",IF(K73=1,1,0)) | M73: =IF(C73="","",IF(ISNUMBER(K73),1,0)) | N73: Южный Лес — Усадьба Дивноморское — Красное сухое | O73: Солист — Усадьба Дивноморское — Розовое сухое | P73: Солнечный Ветер — Усадьба Дивноморское — Белое сухое | Q73: Холодный Туман — Усадьба Дивноморское — Белое сухое | R73: Ведерниковъ Красностоп Золотовский (магнум) — Ведерниковъ — Красное сухое
A74: 96.42_22-08-2026_21-29-43.webp | B74: нет в каталоге | F74: abrau-dyurso-udelnoe-vedomstvo-imperatorskoe-beloe-bryut | G74: abrau-dyurso-imperatorskoe-bryut-shardone-beloe-12 | H74: abrau-dyurso-imperial-brut-vintage-shardone-beloe-bryut-12 | I74: abrau-dyurso-imperial-brut-lart-nouveau-shardone-beloe-bryut-105 | J74: abrau-dyurso-imperial-kyuve-pino-nuar-rozovoe-bryut-125 | K74: =IF(C74="","",IFERROR(MATCH(C74,F74:J74,0),"нет")) | L74: =IF(C74="","",IF(K74=1,1,0)) | M74: =IF(C74="","",IF(ISNUMBER(K74),1,0)) | N74: Абрау Дюрсо Удельное Ведомство Императорское белое брют — Абрау-Дюрсо — Белое брют | O74: Императорское брют — Абрау-Дюрсо — Белое брют | P74: Империал. Brut Vintage — Абрау-Дюрсо — Белое брют | Q74: Империал Brut L'Art Nouveau — Абрау-Дюрсо — Белое брют | R74: Империал Кюве — Абрау-Дюрсо — Розовое брют
A75: 96.44_05-09-2026_15-33-59.webp | B75: уверенно | C75: sovinon-blan | D75: Совиньон Блан — Литавщук. Litavshchuk vineyards & winery — Белое полусладкое | F75: sovinon-blan | G75: blagolyubov-sovinon-blan-beloe-suhoe-125 | H75: dubinin-winery-sovinon-blan-beloe-suhoe-12 | I75: sovinon-blan-krasnaya-gorka | J75: orlov_sauvignon_blan | K75: =IF(C75="","",IFERROR(MATCH(C75,F75:J75,0),"нет")) | L75: =IF(C75="","",IF(K75=1,1,0)) | M75: =IF(C75="","",IF(ISNUMBER(K75),1,0)) | N75: Совиньон Блан — Литавщук. Litavshchuk vineyards & winery — Белое полусладкое | O75: Совиньон Блан — Благолюбов — Белое сухое | P75: Совиньон Блан — Dubinin Winery — Белое сухое | Q75: Совиньон Блан — Галицкий и Галицкий — Белое сухое | R75: Совиньон Блан — Винодельня Орлова — Белое сухое
A76: 96.45_02-09-2026_14-19-06.webp | B76: нет в каталоге | F76: abrau-dyurso-imperial-brut-rose-pino-nuar-rozovoe-bryut-12 | G76: abrau-dyurso-udelnoe-vedomstvo-imperatorskoe-beloe-bryut | H76: abrau-dyurso-victor-dravigny-brut-rose-pino-nuar-rozovoe-bryut-12 | I76: abrau-dyurso-udelnoe-vedomstvo-imperatorskoe-beloe-polusladkoe | J76: abrau-dyurso-russkoe-igristoe-polusladkoe-krasnoe-kaberne-sovinon-12 | K76: =IF(C76="","",IFERROR(MATCH(C76,F76:J76,0),"нет")) | L76: =IF(C76="","",IF(K76=1,1,0)) | M76: =IF(C76="","",IF(ISNUMBER(K76),1,0)) | N76: Империал Brut Rose — Абрау-Дюрсо — Розовое брют | O76: Абрау Дюрсо Удельное Ведомство Императорское белое брют — Абрау-Дюрсо — Белое брют | P76: Victor Dravigny. Brut Rose — Абрау-Дюрсо — Розовое брют | Q76: Абрау Дюрсо Удельное Ведомство Императорское белое полусладкое — Абрау-Дюрсо — Белое полусладкое | R76: Русское Игристое полусладкое красное — Абрау-Дюрсо — Красное полусладкое
A77: 96.45_19-08-2026_19-35-28.webp | B77: не уверен | C77: czitronnyj-magaracha | D77: Цитрон — Табия — Белое сухое | E77: в slug сухое, а нужно полусухое, но полусухого нет | F77: czitronnyj-magaracha | G77: risling-1 | H77: rubin-golodrigi | I77: oleg | J77: bukovinka | K77: =IF(C77="","",IFERROR(MATCH(C77,F77:J77,0),"нет")) | L77: =IF(C77="","",IF(K77=1,1,0)) | M77: =IF(C77="","",IF(ISNUMBER(K77),1,0)) | N77: Цитрон — Табия — Белое сухое | O77: Рислинг — Табия — Белое полусухое | P77: Рубин Голодриги — Табия — Красное сухое | Q77: Олег — Табия — Белое сухое | R77: Буковинка — Табия — Белое полусухое
A78: 96.53_03-09-2026_16-39-17.webp | B78: нет в каталоге | F78: rozovoe-polusladkoe | G78: fanagoriya-beloe-polusladkoe | H78: fanagoriya-fanagoriya-blanc-de-blancs-beloe-iz-belogo-shardone-igristoe-bryut-beloe-11-13 | I78: fanagoriya-zelyonoe-vino-risling-tsitronnyy-magaracha-merlo-rozovoe-polusuhoe-11 | J78: fanagoriya-fanagoria-extra-brut-rose-2019-pino-nuar-igristoe-bryut-rozovoe-ekstra-bryut-12 | K78: =IF(C78="","",IFERROR(MATCH(C78,F78:J78,0),"нет")) | L78: =IF(C78="","",IF(K78=1,1,0)) | M78: =IF(C78="","",IF(ISNUMBER(K78),1,0)) | N78: Розовое полусладкое — Фанагория — Розовое полусладкое | O78: Фанагория белое полусладкое — Фанагория — Белое полусладкое | P78: Фанагория. Blanc de Blancs. Белое из белого — Фанагория — Белое брют | Q78: Зелёное вино. Рислинг - Цитронный Магарача - Мерло — Фанагория — Розовое полусухое | R78: Fanagoria Extra Brut Rose 2019 — Фанагория — Розовое экстра брют
A79: 96.54_04-09-2026_19-30-52.webp | B79: уверенно | C79: denisov-winery-risling-beloe-suhoe-115 | D79: Рислинг — Denisov Winery — Белое сухое | F79: denisov-winery-risling-beloe-suhoe-115 | G79: dubinin-winery-risling-beloe-suhoe-12 | H79: vinodelnya-78-aligote-otbornoe-beloe-suhoe-12 | I79: risling-2 | J79: belbek-rkatsiteli-barrik-beloe-suhoe-13 | K79: =IF(C79="","",IFERROR(MATCH(C79,F79:J79,0),"нет")) | L79: =IF(C79="","",IF(K79=1,1,0)) | M79: =IF(C79="","",IF(ISNUMBER(K79),1,0)) | N79: Рислинг — Denisov Winery — Белое сухое | O79: Рислинг — Dubinin Winery — Белое сухое | P79: Алиготе Отборное — Винодельня 78 — Белое сухое | Q79: Рислинг — Литавщук. Litavshchuk vineyards & winery — Белое полусухое | R79: Ркацители Баррик — Бельбек — Белое сухое
A80: 96.55_30-08-2026_19-34-31.webp | B80: уверенно | C80: novyy-svet-dom-shampanskih-vin-novyy-svet-polusladkoe-roze-shardone-rozovoe-115 | D80: Новый Свет полусладкое розе — Новый Свет. Дом шампанских вин — Розовое полусладкое | F80: novyy-svet-dom-shampanskih-vin-novyy-svet-polusladkoe-roze-shardone-rozovoe-115 | G80: novyj-svet-polusladkoe | H80: novyj-svet-vyderzhannoe-bryut | I80: novyy-svet-dom-shampanskih-vin-rossiyskoe-shampanskoe-vyderzhannoe-polusladkoe-rozovoe-novyy-svet-shardone-125 | J80: novyj-svet-polusuhoe-kollekczionnoe | K80: =IF(C80="","",IFERROR(MATCH(C80,F80:J80,0),"нет")) | L80: =IF(C80="","",IF(K80=1,1,0)) | M80: =IF(C80="","",IF(ISNUMBER(K80),1,0)) | N80: Новый Свет полусладкое розе — Новый Свет. Дом шампанских вин — Розовое полусладкое | O80: Новый Свет полусладкое — Новый Свет. Дом шампанских вин — Белое полусладкое | P80: Новый Свет выдержанное брют — Новый Свет. Дом шампанских вин — Белое брют | Q80: Российское шампанское выдержанное полусладкое розовое «Новый Свет» — Новый Свет. Дом шампанских вин — Розовое полусладкое | R80: Новый Свет полусухое коллекционное — Новый Свет. Дом шампанских вин — Белое полусухое
A81: 96.58_05-09-2026_16-05-04.webp | B81: уверенно | C81: fanagoriya-zelyonoe-vino-risling-tsitronnyy-magaracha-beloe-polusuhoe-11 | D81: Зелёное вино. Рислинг - Цитронный Магарача — Фанагория — Белое полусухое | F81: fanagoriya-zelyonoe-vino-risling-tsitronnyy-magaracha-beloe-polusuhoe-11 | G81: fanagoriya-zelyonoe-vino-risling-tsitronnyy-magaracha-merlo-rozovoe-polusuhoe-11 | H81: fanagoriya-beloe-polusladkoe | I81: rozovoe-polusladkoe | J81: eleonora | K81: =IF(C81="","",IFERROR(MATCH(C81,F81:J81,0),"нет")) | L81: =IF(C81="","",IF(K81=1,1,0)) | M81: =IF(C81="","",IF(ISNUMBER(K81),1,0)) | N81: Зелёное вино. Рислинг - Цитронный Магарача — Фанагория — Белое полусухое | O81: Зелёное вино. Рислинг - Цитронный Магарача - Мерло — Фанагория — Розовое полусухое | P81: Фанагория белое полусладкое — Фанагория — Белое полусладкое | Q81: Розовое полусладкое — Фанагория — Розовое полусладкое | R81: Eleonora, 2021 — WINEMAFIA — Белое сухое
A82: 96.61_28-08-2026_09-16-27.webp | B82: нет в каталоге | F82: balaklava-muskat-beloe-polusladkoe | G82: balaklava-bryut-rezerv | H82: balaklava-muskat | I82: balaklava-pino-nuar | J82: shardone-balaklava | K82: =IF(C82="","",IFERROR(MATCH(C82,F82:J82,0),"нет")) | L82: =IF(C82="","",IF(K82=1,1,0)) | M82: =IF(C82="","",IF(ISNUMBER(K82),1,0)) | N82: Балаклава Мускат белое полусладкое — Золотая Балка — Белое полусладкое | O82: Балаклава Брют Резерв — Золотая Балка — Белое брют | P82: Балаклава Мускат — Золотая Балка — Белое брют | Q82: Балаклава Пино Нуар — Золотая Балка — Розовое брют | R82: Шардоне Балаклава — Золотая Балка — Белое брют
A83: 96.62_07-09-2026_18-12-27.webp | B83: уверенно | C83: fanagoriya-zelyonoe-vino-risling-tsitronnyy-magaracha-beloe-polusuhoe-11 | D83: Зелёное вино. Рислинг - Цитронный Магарача — Фанагория — Белое полусухое | F83: fanagoriya-zelyonoe-vino-risling-tsitronnyy-magaracha-beloe-polusuhoe-11 | G83: fanagoriya-zelyonoe-vino-risling-tsitronnyy-magaracha-merlo-rozovoe-polusuhoe-11 | H83: fanagoriya-100-ottenkov-shardone-beloe-suhoe-14 | I83: fanagoriya-beloe-polusladkoe | J83: rozovoe-polusladkoe | K83: =IF(C83="","",IFERROR(MATCH(C83,F83:J83,0),"нет")) | L83: =IF(C83="","",IF(K83=1,1,0)) | M83: =IF(C83="","",IF(ISNUMBER(K83),1,0)) | N83: Зелёное вино. Рислинг - Цитронный Магарача — Фанагория — Белое полусухое | O83: Зелёное вино. Рислинг - Цитронный Магарача - Мерло — Фанагория — Розовое полусухое | P83: 100 оттенков. Шардоне — Фанагория — Белое сухое | Q83: Фанагория белое полусладкое — Фанагория — Белое полусладкое | R83: Розовое полусладкое — Фанагория — Розовое полусладкое
A84: 96.64_26-08-2026_16-52-37.webp | B84: нет в каталоге | F84: valeriy-zaharin-bastardo-kefesiya-avtohtonnoe-vino-kryma-bastardo-magarachskiy-krasnoe-suhoe-115 | G84: valeriy-zaharin-avtorskoe-vino-ot-valeriya-zaharina-bastardo-bastardo-magarachskiy-krasnoe-suhoe-12 | H84: valeriy-zaharin-avtorskoe-vino-ot-valeriya-zaharina-krasnoe-pino-nuar-suhoe-125 | I84: valeriy-zaharin-avtorskoe-vino-ot-valeriya-zaharina-aleatiko-rozovoe-suhoe-115 | J84: vinodelnya-begildeeva-kaberne-sovinon-krasnoe-suhoe-14 | K84: =IF(C84="","",IFERROR(MATCH(C84,F84:J84,0),"нет")) | L84: =IF(C84="","",IF(K84=1,1,0)) | M84: =IF(C84="","",IF(ISNUMBER(K84),1,0)) | N84: Бастардо - Кефесия. Автохтонное вино Крыма — Валерий Захарьин — Красное сухое | O84: Авторское вино от Валерия Захарьина. Бастардо — Валерий Захарьин — Красное сухое | P84: Авторское вино от Валерия Захарьина. Красное — Валерий Захарьин — Красное сухое | Q84: Авторское вино от Валерия Захарьина. Алеатико — Валерий Захарьин — Розовое сухое | R84: Каберне Совиньон — Винодельня Бегильдеева — Красное сухое
A85: 96.65_02-09-2026_12-08-51.webp | B85: уверенно | C85: kaberne-sovinon-3 | D85: Каберне Совиньон — Литавщук. Litavshchuk vineyards & winery — Красное полусухое | F85: vinodelnya-begildeeva-kaberne-sovinon-krasnoe-suhoe-14 | G85: kaberne-sovinon-3 | H85: vinodelnya-begildeeva-kaberne-sovinon-merlo-krasnoe-suhoe-14 | I85: kaberne-sovinon-1 | J85: kaberne-sovinon-4 | K85: =IF(C85="","",IFERROR(MATCH(C85,F85:J85,0),"нет")) | L85: =IF(C85="","",IF(K85=1,1,0)) | M85: =IF(C85="","",IF(ISNUMBER(K85),1,0)) | N85: Каберне Совиньон — Винодельня Бегильдеева — Красное сухое | O85: Каберне Совиньон — Литавщук. Litavshchuk vineyards & winery — Красное полусухое | P85: Каберне Совиньон – Мерло — Винодельня Бегильдеева — Красное сухое | Q85: Каберне Совиньон — Галицкий и Галицкий — Красное сухое | R85: Каберне Совиньон — Усадьба Перовских — Красное сухое
A86: 96.66_22-08-2026_20-44-40.webp | B86: уверенно | C86: perovskih_polusuhoe_krasnoe | D86: Полусухое Красное — Усадьба Перовских — Красное полусухое | F86: perovskih_polusuhoe_krasnoe | G86: perovskih_polusladkoe_krasnoe | H86: perovskih_polusladkoe_beloe | I86: rozovoe-polusuhoe | J86: perovskih_polusladkoe_rosovoe | K86: =IF(C86="","",IFERROR(MATCH(C86,F86:J86,0),"нет")) | L86: =IF(C86="","",IF(K86=1,1,0)) | M86: =IF(C86="","",IF(ISNUMBER(K86),1,0)) | N86: Полусухое Красное — Усадьба Перовских — Красное полусухое | O86: Полусладкое Красное — Усадьба Перовских — Красное полусладкое | P86: Полусладкое Белое — Усадьба Перовских — Белое полусладкое | Q86: Розовое полусухое — Усадьба Перовских — Розовое полусухое | R86: Полусладкое розовое — Усадьба Перовских — Розовое полусладкое
A87: 96.67_27-08-2026_17-47-05.webp | B87: нет в каталоге | F87: vinodelnya-begildeeva-merlo-krasnoe-suhoe-14 | G87: vinodelnya-begildeeva-kaberne-sovinon-merlo-krasnoe-suhoe-14 | H87: soyuz-vino-soyuz-vino-izabella-krasnoe-polusladkoe-11 | I87: belbek-beloe-suhoe-kaberne-sovinon-krasnoe-14 | J87: vinodelnya-begildeeva-kaberne-sovinon-krasnoe-suhoe-14 | K87: =IF(C87="","",IFERROR(MATCH(C87,F87:J87,0),"нет")) | L87: =IF(C87="","",IF(K87=1,1,0)) | M87: =IF(C87="","",IF(ISNUMBER(K87),1,0)) | N87: Мерло — Винодельня Бегильдеева — Красное сухое | O87: Каберне Совиньон – Мерло — Винодельня Бегильдеева — Красное сухое | P87: Союз-Вино Изабелла — Союз-Вино — Красное полусладкое | Q87: Белое сухое — Бельбек — Красное сухое | R87: Каберне Совиньон — Винодельня Бегильдеева — Красное сухое
A88: 96.74_28-08-2026_13-52-26.webp | B88: уверенно | C88: usadba-mezyb-shishka-kupazh-5-kaberne-sovinon-rozovoe-suhoe-133 | D88: Шишка. Купаж №5 — Усадьба Мезыбь — Розовое сухое | F88: usadba-mezyb-shishka-kupazh-5-kaberne-sovinon-rozovoe-suhoe-133 | G88: usadba-mezyb-shishka-pino-nuar-rozovoe-suhoe-115 | H88: usadba-mezyb-shishka-oranzh-shardone-beloe-suhoe-127 | I88: usadba-mezyb-shishka-shenen-blan-sovinon-blan-beloe-suhoe-126 | J88: usadba-mezyb-shishka-shenen-blan-beloe-suhoe-13 | K88: =IF(C88="","",IFERROR(MATCH(C88,F88:J88,0),"нет")) | L88: =IF(C88="","",IF(K88=1,1,0)) | M88: =IF(C88="","",IF(ISNUMBER(K88),1,0)) | N88: Шишка. Купаж №5 — Усадьба Мезыбь — Розовое сухое | O88: Шишка. Пино Нуар — Усадьба Мезыбь — Розовое сухое | P88: Шишка. Оранж — Усадьба Мезыбь — Белое сухое | Q88: Шишка. Шенен Блан, Совиньон Блан — Усадьба Мезыбь — Белое сухое | R88: Шишка. Шенен Блан — Усадьба Мезыбь — Белое сухое
A89: 96.76_07-09-2026_14-57-04.webp | B89: уверенно | C89: pozdnij-sbor-krasnoe | D89: Поздний сбор, Красное — Литавщук. Litavshchuk vineyards & winery — Красное сладкое | F89: pozdnij-sbor-beloe | G89: pozdnij-sbor-krasnoe | H89: usadba-aleksandrovskaya-bubnovyy-valet-kaberne-sovinon-krasnoe-polusladkoe-13 | I89: kokur-premium | J89: kaberne-sovinon-4 | K89: =IF(C89="","",IFERROR(MATCH(C89,F89:J89,0),"нет")) | L89: =IF(C89="","",IF(K89=1,1,0)) | M89: =IF(C89="","",IF(ISNUMBER(K89),1,0)) | N89: Поздний сбор Белое — Литавщук. Litavshchuk vineyards & winery — Белое сладкое | O89: Поздний сбор, Красное — Литавщук. Litavshchuk vineyards & winery — Красное сладкое | P89: Бубновый Валет — Усадьба Александровская — Красное полусладкое | Q89: Кокур Премиум — Массандра — Белое сухое | R89: Каберне Совиньон — Усадьба Перовских — Красное сухое
A90: 96.77_24-08-2026_14-10-46.webp | B90: уверенно | C90: golubitskoe-estate-red-blend-kaberne-sovinon-krasnoe-suhoe-136 | D90: Red Blend — Golubitskoe Estate — Красное сухое | F90: golubitskoe-estate-winery-series-roze-blend-kaberne-sovinon-rozovoe-suhoe-117 | G90: golubitskoe-estate-winery-series-pino-nuar-rozovoe-suhoe-115 | H90: golubitskoe-estate-red-blend-kaberne-sovinon-krasnoe-suhoe-136 | I90: pomeste-golubitskoe-kaberne-sovinon-rezerv-krasnoe-suhoe-143 | J90: golubitskoe-estate-kaberne-sovinon-rezerv-krasnoe-suhoe-125 | K90: =IF(C90="","",IFERROR(MATCH(C90,F90:J90,0),"нет")) | L90: =IF(C90="","",IF(K90=1,1,0)) | M90: =IF(C90="","",IF(ISNUMBER(K90),1,0)) | N90: Winery Series. Розе бленд — Golubitskoe Estate — Розовое сухое | O90: Winery Series. Пино Нуар — Golubitskoe Estate — Розовое сухое | P90: Red Blend — Golubitskoe Estate — Красное сухое | Q90: Каберне Совиньон Резерв — Golubitskoe Estate — Красное сухое | R90: Каберне Совиньон Резерв — Golubitskoe Estate — Красное сухое
A91: 96.78_25-08-2026_18-04-42.webp | B91: исключено | E91: здесь на фото 2 вина разных | F91: rubin-golodrigi | G91: risling-1 | H91: czitronnyj-magaracha | I91: kaberne-sovinon-2 | J91: bukovinka | K91: =IF(C91="","",IFERROR(MATCH(C91,F91:J91,0),"нет")) | L91: =IF(C91="","",IF(K91=1,1,0)) | M91: =IF(C91="","",IF(ISNUMBER(K91),1,0)) | N91: Рубин Голодриги — Табия — Красное сухое | O91: Рислинг — Табия — Белое полусухое | P91: Цитрон — Табия — Белое сухое | Q91: Каберне Совиньон — Табия — Красное сухое | R91: Буковинка — Табия — Белое полусухое
A92: 96.79_20-08-2026_17-48-31.webp | B92: уверенно | C92: oleg | D92: Олег — Табия — Белое сухое | F92: oleg | G92: kaberne-sovinon-2 | H92: rubin-golodrigi | I92: bukovinka | J92: roze-2 | K92: =IF(C92="","",IFERROR(MATCH(C92,F92:J92,0),"нет")) | L92: =IF(C92="","",IF(K92=1,1,0)) | M92: =IF(C92="","",IF(ISNUMBER(K92),1,0)) | N92: Олег — Табия — Белое сухое | O92: Каберне Совиньон — Табия — Красное сухое | P92: Рубин Голодриги — Табия — Красное сухое | Q92: Буковинка — Табия — Белое полусухое | R92: Розе — Табия — Розовое сухое
A93: 96.79_28-08-2026_22-05-22.webp | B93: уверенно | C93: vinodelnya-vedernikov-vedernikov-dolina-dona-beloe-suhoe-aligote-12 | D93: Ведерниковъ Долина Дона Белое Сухое — Ведерниковъ — Белое сухое | F93: vinodelnya-vedernikov-sibirkovyy-beloe-suhoe-11 | G93: vinodelnya-vedernikov-vedernikov-dolina-dona-beloe-suhoe-aligote-12 | H93: vinodelnya-vedernikov-vedernikov-dolina-dona-krasnoe-suhoe-kaberne-sovinon-125 | I93: vinodelnya-vedernikov-krasnostop-zolotovskiy-krasnoe-suhoe-13 | J93: vinodelnya-vedernikov-gubernatorskoe-risling-beloe-suhoe-12 | K93: =IF(C93="","",IFERROR(MATCH(C93,F93:J93,0),"нет")) | L93: =IF(C93="","",IF(K93=1,1,0)) | M93: =IF(C93="","",IF(ISNUMBER(K93),1,0)) | N93: Сибирьковый — Ведерниковъ — Белое сухое | O93: Ведерниковъ Долина Дона Белое Сухое — Ведерниковъ — Белое сухое | P93: Ведерниковъ Долина Дона Красное Сухое — Ведерниковъ — Красное сухое | Q93: Красностоп Золотовский — Ведерниковъ — Красное сухое | R93: Губернаторское. Рислинг — Ведерниковъ — Белое сухое
A94: 96.7_28-08-2026_13-50-21.webp | B94: нет в каталоге | F94: usadba-divnomorskoe-yuzhnyy-les-merlo-krasnoe-suhoe-137 | G94: usadba-divnomorskoe-solnechnyy-veter-shardone-beloe-suhoe-125 | H94: usadba-divnomorskoe-solist-marselan-rozovoe-suhoe-115 | I94: usadba-divnomorskoe-holodnyy-tuman-risling-beloe-suhoe-115 | J94: vinodelnya-vedernikov-vedernikov-krasnostop-zolotovskiy-magnum-krasnoe-suhoe-145 | K94: =IF(C94="","",IFERROR(MATCH(C94,F94:J94,0),"нет")) | L94: =IF(C94="","",IF(K94=1,1,0)) | M94: =IF(C94="","",IF(ISNUMBER(K94),1,0)) | N94: Южный Лес — Усадьба Дивноморское — Красное сухое | O94: Солнечный Ветер — Усадьба Дивноморское — Белое сухое | P94: Солист — Усадьба Дивноморское — Розовое сухое | Q94: Холодный Туман — Усадьба Дивноморское — Белое сухое | R94: Ведерниковъ Красностоп Золотовский (магнум) — Ведерниковъ — Красное сухое
A95: 96.83_20-08-2026_17-48-13.webp | B95: уверенно | C95: oleg | D95: Олег — Табия — Белое сухое | F95: oleg | G95: rubin-golodrigi | H95: kaberne-sovinon-2 | I95: bukovinka | J95: risling-1 | K95: =IF(C95="","",IFERROR(MATCH(C95,F95:J95,0),"нет")) | L95: =IF(C95="","",IF(K95=1,1,0)) | M95: =IF(C95="","",IF(ISNUMBER(K95),1,0)) | N95: Олег — Табия — Белое сухое | O95: Рубин Голодриги — Табия — Красное сухое | P95: Каберне Совиньон — Табия — Красное сухое | Q95: Буковинка — Табия — Белое полусухое | R95: Рислинг — Табия — Белое полусухое
A96: 96.8_25-08-2026_22-20-38.webp | B96: не уверен | C96: sovinon-blan | D96: Совиньон Блан — Литавщук. Litavshchuk vineyards & winery — Белое полусладкое | E96: то что в slug полусладкое, а на фото полусухое | F96: sovinon-blan | G96: blagolyubov-sovinon-blan-beloe-suhoe-125 | H96: vinodelnya-begildeeva-kaberne-sovinon-krasnoe-suhoe-14 | I96: dubinin-winery-sovinon-blan-beloe-suhoe-12 | J96: vinodelnya-begildeeva-kaberne-sovinon-merlo-krasnoe-suhoe-14 | K96: =IF(C96="","",IFERROR(MATCH(C96,F96:J96,0),"нет")) | L96: =IF(C96="","",IF(K96=1,1,0)) | M96: =IF(C96="","",IF(ISNUMBER(K96),1,0)) | N96: Совиньон Блан — Литавщук. Litavshchuk vineyards & winery — Белое полусладкое | O96: Совиньон Блан — Благолюбов — Белое сухое | P96: Каберне Совиньон — Винодельня Бегильдеева — Красное сухое | Q96: Совиньон Блан — Dubinin Winery — Белое сухое | R96: Каберне Совиньон – Мерло — Винодельня Бегильдеева — Красное сухое
A97: 96.96_05-09-2026_19-02-01.webp | B97: уверенно | C97: denisov_rubin_klaret_krasnaya_strelka | D97: Рубин кларет . Красная стрелка — Denisov Winery — Розовое сухое | F97: denisov_rubin_klaret_krasnaya_strelka | G97: denisov_pino_noir_klaret | H97: vinodelnya-pokrovskaya-pokrovskoe-sladkoe-krasnoe-kaberne-sovinon-13 | I97: usadba-aleksandrovskaya-bubnovyy-valet-kaberne-sovinon-krasnoe-polusladkoe-13 | J97: vinodelnya-78-aligote-otbornoe-beloe-suhoe-12 | K97: =IF(C97="","",IFERROR(MATCH(C97,F97:J97,0),"нет")) | L97: =IF(C97="","",IF(K97=1,1,0)) | M97: =IF(C97="","",IF(ISNUMBER(K97),1,0)) | N97: Рубин кларет . Красная стрелка — Denisov Winery — Розовое сухое | O97: Пино Нуар кларет. Красная стрелка — Denisov Winery — Розовое сухое | P97: Покровское сладкое красное — Винодельня Покровская — Красное сладкое | Q97: Бубновый Валет — Усадьба Александровская — Красное полусладкое | R97: Алиготе Отборное — Винодельня 78 — Белое сухое
A98: 96.98_19-08-2026_19-05-06.webp | B98: уверенно | C98: czitronnyj-magaracha | D98: Цитрон — Табия — Белое сухое | E98: в slug сухое, а нужно полусухое, но полусухого нет | F98: risling-1 | G98: czitronnyj-magaracha | H98: oleg | I98: bukovinka | J98: rubin-golodrigi | K98: =IF(C98="","",IFERROR(MATCH(C98,F98:J98,0),"нет")) | L98: =IF(C98="","",IF(K98=1,1,0)) | M98: =IF(C98="","",IF(ISNUMBER(K98),1,0)) | N98: Рислинг — Табия — Белое полусухое | O98: Цитрон — Табия — Белое сухое | P98: Олег — Табия — Белое сухое | Q98: Буковинка — Табия — Белое полусухое | R98: Рубин Голодриги — Табия — Красное сухое
A99: 97.02_29-08-2026_18-49-02.webp | B99: нет в каталоге | F99: caperavi-avtorskoe-vino | G99: kaberne-avtorskoe-vino | H99: massandra-muskatel-rozovyy-belye-sorta-vinograda-rozovoe-sladkoe-16 | I99: kaberne-sovinon | J99: massandra-bastardo-bastardo-magarachskiy-krasnoe-sladkoe-16 | K99: =IF(C99="","",IFERROR(MATCH(C99,F99:J99,0),"нет")) | L99: =IF(C99="","",IF(K99=1,1,0)) | M99: =IF(C99="","",IF(ISNUMBER(K99),1,0)) | N99: Cаперави. Авторское вино — Массандра — Красное сухое | O99: Каберне. Авторское вино — Массандра — Красное сухое | P99: Мускатель розовый — Массандра — Розовое сладкое | Q99: Каберне Совиньон — Массандра — Красное сладкое | R99: Бастардо — Массандра — Красное сладкое
A100: 97.08_05-09-2026_15-30-50.webp | B100: нет в каталоге | F100: fanagoriya-alveus-ultra-cuvee-brut-shardone-beloe-bryut-12 | G100: novyy-svet-dom-shampanskih-vin-igristoe-vino-vyderzhannoe-polusladkoe-rozovoe-novyy-svet-pino-fran-135 | H100: fanagoriya-alveus-ultra-cuvee-ekstra-bryut-rozovoe-merlo-12 | I100: fanagoriya-alveus-ultra-cuvee-ekstra-bryut-beloe-risling-reynskiy-12 | J100: rozovoe-bryut-1 | K100: =IF(C100="","",IFERROR(MATCH(C100,F100:J100,0),"нет")) | L100: =IF(C100="","",IF(K100=1,1,0)) | M100: =IF(C100="","",IF(ISNUMBER(K100),1,0)) | N100: Alveus Ultra Cuvee Brut — Фанагория — Белое брют | O100: Игристое вино выдержанное полусладкое розовое «Новый Свет. Пино Фран» — Новый Свет. Дом шампанских вин — Розовое полусладкое | P100: Alveus Ultra Cuvee. Экстра брют розовое — Фанагория — Розовое экстра брют | Q100: Alveus Ultra Cuvee. Экстра брют белое — Фанагория — Белое экстра брют | R100: Розовое брют — Золотая Балка — Розовое брют
...

Sheet С OCR
A1: Фото | B1: Статус разметки | C1: target | D1: target: вино | E1: Комментарий разметчика | F1: top-1 | G1: top-2 | H1: top-3 | I1: top-4 | J1: top-5 | K1: Ранг target | L1: Верно top-1 | M1: Верно top-5 | N1: top-1: вино | O1: top-2: вино | P1: top-3: вино | Q1: top-4: вино | R1: top-5: вино
A2: 1.73_06-09-2026_14-54-06.webp | B2: не уверен | C2: fanagoriya-rose-kaberne-fran-rozovoe-suhoe-13 | D2: Rose. Каберне Фран — Фанагория — Розовое сухое | E2: договоримся так, после __ я буду писать свои комментарии. этого вина нет в наборе, но я не уверен | F2: rozovoe-polusladkoe | G2: fanagoriya-beloe-polusladkoe | H2: fanagoriya-fanagoria-extra-brut-rose-2019-pino-nuar-igristoe-bryut-rozovoe-ekstra-bryut-12 | I2: fanagoriya-zelyonoe-vino-risling-tsitronnyy-magaracha-merlo-rozovoe-polusuhoe-11 | J2: fanagoriya-rose-saperavi-rozovoe-polusuhoe-125 | K2: =IF(C2="","",IFERROR(MATCH(C2,F2:J2,0),"нет")) | L2: =IF(C2="","",IF(K2=1,1,0)) | M2: =IF(C2="","",IF(ISNUMBER(K2),1,0)) | N2: Розовое полусладкое — Фанагория — Розовое полусладкое | O2: Фанагория белое полусладкое — Фанагория — Белое полусладкое | P2: Fanagoria Extra Brut Rose 2019 — Фанагория — Розовое экстра брют | Q2: Зелёное вино. Рислинг - Цитронный Магарача - Мерло — Фанагория — Розовое полусухое | R2: Rose. Саперави — Фанагория — Розовое полусухое
A3: 2.69_27-08-2026_14-29-00.webp | B3: нет в каталоге | F3: shato-pino-gravitatsiya-kaberne-sovinon-merlo-krasnoe-suhoe-135 | G3: shato-pino-marselan-merlo-krasnoe-suhoe-13 | H3: shato-pino-sovinon-blan-semilon-beloe-suhoe-115 | I3: shato-pino-shato-pino-koldun-merlo-krasnoe-suhoe-137 | J3: shato-pino-grand-reserve-pinot-noir-pino-nuar-krasnoe-suhoe-135 | K3: =IF(C3="","",IFERROR(MATCH(C3,F3:J3,0),"нет")) | L3: =IF(C3="","",IF(K3=1,1,0)) | M3: =IF(C3="","",IF(ISNUMBER(K3),1,0)) | N3: Гравитация. Каберне Совиньон - Мерло — Шато Пино — Красное сухое | O3: Марселан - Мерло — Шато Пино — Красное сухое | P3: Совиньон Блан - Семильон — Шато Пино — Белое сухое | Q3: Шато Пино «Колдун» — Шато Пино — Красное сухое | R3: Grand Reserve Pinot Noir — Шато Пино — Красное сухое
A4: 41.8_22-08-2026_20-56-40.webp | B4: нет в каталоге | F4: bakla-vines-pino-nuar-krasnoe-suhoe-125 | G4: usadba-perovskih-pino-nuar-rezerv-krasnoe-suhoe-122 | H4: usadba-mezyb-shishka-pino-nuar-rozovoe-suhoe-115 | I4: pino-nuar-2025 | J4: pino-nuar | K4: =IF(C4="","",IFERROR(MATCH(C4,F4:J4,0),"нет")) | L4: =IF(C4="","",IF(K4=1,1,0)) | M4: =IF(C4="","",IF(ISNUMBER(K4),1,0)) | N4: Пино Нуар — Bakla Vines — Красное сухое | O4: Пино Нуар Резерв — Усадьба Перовских — Красное сухое | P4: Шишка. Пино Нуар — Усадьба Мезыбь — Розовое сухое | Q4: Пино Нуар, 2025 — Винодельня Братьев Мельниковых — Розовое сухое | R4: Пино Нуар — Галицкий и Галицкий — Красное сухое
A5: 48.98_02-09-2026_18-34-15.webp | B5: уверенно | C5: denisov_rubin_klaret_krasnaya_strelka | D5: Рубин кларет . Красная стрелка — Denisov Winery — Розовое сухое | F5: denisov_rubin_klaret_krasnaya_strelka | G5: denisov_pino_noir_klaret | H5: gunko-winery-krasnye-gliny-kaberne-fran-krasnoe-suhoe-14 | I5: vinodelnya-pokrovskaya-pokrovskoe-sladkoe-krasnoe-kaberne-sovinon-13 | J5: vinodelnya-konstantina-dzitoeva-kd-rezerv-merlo-krasnoe-suhoe-12 | K5: =IF(C5="","",IFERROR(MATCH(C5,F5:J5,0),"нет")) | L5: =IF(C5="","",IF(K5=1,1,0)) | M5: =IF(C5="","",IF(ISNUMBER(K5),1,0)) | N5: Рубин кларет . Красная стрелка — Denisov Winery — Розовое сухое | O5: Пино Нуар кларет. Красная стрелка — Denisov Winery — Розовое сухое | P5: Красные Глины — Gunko Winery — Красное сухое | Q5: Покровское сладкое красное — Винодельня Покровская — Красное сладкое | R5: KD Резерв — Винодельня Константина Дзитоева — Красное сухое
A6: 68.81_05-09-2026_15-46-31.webp | B6: нет в каталоге | F6: fanagoriya-velvet-season-muskat-ottonel-beloe-sladkoe-13 | G6: fanagoriya-velvet-season-risling-beloe-sladkoe-12 | H6: soyuz-vino-soyuz-vino-muskat-beloe-polusladkoe-11 | I6: vinodelnya-myshako-muskat-avtorskaya-tehnologiya-mono-beloe-suhoe-128 | J6: valeriy-zaharin-muskat-valeriy-zaharin-muskat-ottonel-beloe-polusladkoe-12 | K6: =IF(C6="","",IFERROR(MATCH(C6,F6:J6,0),"нет")) | L6: =IF(C6="","",IF(K6=1,1,0)) | M6: =IF(C6="","",IF(ISNUMBER(K6),1,0)) | N6: Velvet Season — Фанагория — Белое сладкое | O6: Velvet Season — Фанагория — Белое сладкое | P6: Союз-Вино Мускат — Союз-Вино — Белое полусладкое | Q6: Мускат. Авторская технология. Моно — Мысхако — Белое сухое | R6: Мускат. Валерий Захарьин — Валерий Захарьин — Белое полусладкое
A7: 70.45_04-09-2026_13-35-37.webp | B7: не уверен | C7: fanagoriya-formula-q-kaberne-sovinon-krasnoe-suhoe-135 | D7: Формула Q — Фанагория — Красное сухое | E7: на фото слишком яркая этикетка, в каталоге более темная | F7: fanagoriya-formula-q-saperavi-krasnoe-suhoe-135 | G7: fanagoriya-formula-q-kaberne-sovinon-krasnoe-suhoe-135 | H7: fanagoriya-q-blanc-sovinon-blan-beloe-suhoe-14 | I7: fanagoriya-q-bordeaux-blend-kaberne-sovinon-krasnoe-suhoe-135 | J7: fanagoriya-beloe-polusladkoe | K7: =IF(C7="","",IFERROR(MATCH(C7,F7:J7,0),"нет")) | L7: =IF(C7="","",IF(K7=1,1,0)) | M7: =IF(C7="","",IF(ISNUMBER(K7),1,0)) | N7: Formula Q — Фанагория — Красное сухое | O7: Формула Q — Фанагория — Красное сухое | P7: Q Blanc — Фанагория — Белое сухое | Q7: Q Bordeaux Blend — Фанагория — Красное сухое | R7: Фанагория белое полусладкое — Фанагория — Белое полусладкое
A8: 72.97_09-09-2026_19-38-57.webp | B8: нет в каталоге | F8: shato-pino-gravitatsiya-kaberne-sovinon-merlo-krasnoe-suhoe-135 | G8: shato-pino-marselan-merlo-krasnoe-suhoe-13 | H8: shato-pino-grand-reserve-pinot-noir-pino-nuar-krasnoe-suhoe-135 | I8: shato-pino-sovinon-blan-semilon-beloe-suhoe-115 | J8: shato-pino-grand-reserve-chardonnay-shardone-beloe-suhoe-125 | K8: =IF(C8="","",IFERROR(MATCH(C8,F8:J8,0),"нет")) | L8: =IF(C8="","",IF(K8=1,1,0)) | M8: =IF(C8="","",IF(ISNUMBER(K8),1,0)) | N8: Гравитация. Каберне Совиньон - Мерло — Шато Пино — Красное сухое | O8: Марселан - Мерло — Шато Пино — Красное сухое | P8: Grand Reserve Pinot Noir — Шато Пино — Красное сухое | Q8: Совиньон Блан - Семильон — Шато Пино — Белое сухое | R8: Grand Reserve Chardonnay — Шато Пино — Белое сухое
A9: 82.33_27-08-2026_10-03-52.webp | B9: уверенно | C9: skalistyj-bereg-shepot-czvetov | D9: Скалистый берег Шепот цветов — Скалистый берег — Белое сухое | F9: skalistyj-bereg-shepot-czvetov | G9: skalistyy-bereg-melodiya-leta-krasnostop-zolotovskiy-rozovoe-suhoe-126 | H9: skalistyy-bereg-dyhanie-voln-shardone-beloe-suhoe-121 | I9: vysokij-bereg-czvajgelt | J9: kuban-vino-vysokiy-bereg-grafit-roze-kaberne-sovinon-rozovoe-suhoe-12 | K9: =IF(C9="","",IFERROR(MATCH(C9,F9:J9,0),"нет")) | L9: =IF(C9="","",IF(K9=1,1,0)) | M9: =IF(C9="","",IF(ISNUMBER(K9),1,0)) | N9: Скалистый берег Шепот цветов — Скалистый берег — Белое сухое | O9: Мелодия лета — Скалистый берег — Розовое сухое | P9: Дыхание волн — Скалистый берег — Белое сухое | Q9: Высокий Берег Цвайгельт — Кубань-Вино — Розовое сухое | R9: Высокий Берег Графит Розе — Кубань-Вино — Розовое сухое
A10: 84.73_07-09-2026_11-07-51.webp | B10: уверенно | C10: zhemchuzhnaya-9-aligote-czitron | D10: Жемчужная 9 Алиготе, Цитрон — АРАТТИ — Белое сухое | F10: zhemchuzhnaya-9-aligote-czitron | G10: zhemchuzhnaya-9-czitron-shardone | H10: zhemchuzhnaya-9-czitron-shardone-1 | I10: zhemchuzhnaya-9-sovinon-blan-aligote | J10: czitronnyj-magaracha-sovinon-blan | K10: =IF(C10="","",IFERROR(MATCH(C10,F10:J10,0),"нет")) | L10: =IF(C10="","",IF(K10=1,1,0)) | M10: =IF(C10="","",IF(ISNUMBER(K10),1,0)) | N10: Жемчужная 9 Алиготе, Цитрон — АРАТТИ — Белое сухое | O10: Жемчужная 9 Цитрон, Шардоне — АРАТТИ — Белое сухое | P10: Жемчужная 9 Цитрон, Шардоне — АРАТТИ — Белое полусладкое | Q10: Жемчужная 9 Совиньон блан, Алиготе — АРАТТИ — Белое сухое | R10: Жемчужная 9 Цитрон, Совиньон блан — АРАТТИ — Белое полусухое
A11: 87.09_22-08-2026_20-57-16.webp | B11: уверенно | C11: pobeda | D11: Победа — Табия — Красное сухое | F11: pobeda | G11: rubin-golodrigi | H11: kaberne-sovinon-2 | I11: vinodelnya-begildeeva-kaberne-sovinon-krasnoe-suhoe-14 | J11: bukovinka | K11: =IF(C11="","",IFERROR(MATCH(C11,F11:J11,0),"нет")) | L11: =IF(C11="","",IF(K11=1,1,0)) | M11: =IF(C11="","",IF(ISNUMBER(K11),1,0)) | N11: Победа — Табия — Красное сухое | O11: Рубин Голодриги — Табия — Красное сухое | P11: Каберне Совиньон — Табия — Красное сухое | Q11: Каберне Совиньон — Винодельня Бегильдеева — Красное сухое | R11: Буковинка — Табия — Белое полусухое
A12: 87.54_03-09-2026_13-27-53.webp | B12: уверенно | C12: relikta-relikta-sira-kaberne-fran-krasnoe-suhoe-13 | D12: Реликта Сира, Каберне Фран — Реликта — Красное сухое | F12: relikta-relikta-sira-kaberne-fran-krasnoe-suhoe-13 | G12: relikta-relikta-sira-krasnoe-suhoe-13 | H12: relikta-relikta-kaberne-sovinon-krasnoe-suhoe-135 | I12: relikta-relikta-merlo-kaberne-sovinon-krasnoe-suhoe-135 | J12: relikta-relikta-merlo-krasnoe-suhoe-135 | K12: =IF(C12="","",IFERROR(MATCH(C12,F12:J12,0),"нет")) | L12: =IF(C12="","",IF(K12=1,1,0)) | M12: =IF(C12="","",IF(ISNUMBER(K12),1,0)) | N12: Реликта Сира, Каберне Фран — Реликта — Красное сухое | O12: Реликта Сира — Реликта — Красное сухое | P12: Реликта Каберне Совиньон — Реликта — Красное сухое | Q12: Реликта Мерло, Каберне Совиньон — Реликта — Красное сухое | R12: Реликта Мерло — Реликта — Красное сухое
A13: 87.6_20-08-2026_19-56-56.webp | B13: не уверен | C13: leto-shardone-2023-suhoe-beloe | D13: LETO Шардоне 2023 сухое белое — LETO — Белое сухое | E13: есть такое, но на фото черная этикетка вместо белой | F13: vinodelnya-uzunov-shardone-rezerv-beloe-suhoe-135 | G13: vinodelnya-konstantina-dzitoeva-kd-shardone-beloe-suhoe-128 | H13: vinodelnya-uzunov-rash-rezerv-risling-reynskiy-beloe-suhoe-127 | I13: shardone-rezerv | J13: vinodelnya-myshako-shardone-avtorskaya-tehnologiya-beloe-suhoe-155 | K13: =IF(C13="","",IFERROR(MATCH(C13,F13:J13,0),"нет")) | L13: =IF(C13="","",IF(K13=1,1,0)) | M13: =IF(C13="","",IF(ISNUMBER(K13),1,0)) | N13: Шардоне Резерв — Винодельня Узунов — Белое сухое | O13: KD Шардоне — Винодельня Константина Дзитоева — Белое сухое | P13: РАШ Резерв — Винодельня Узунов — Белое сухое | Q13: Шардоне Резерв — Усадьба Перовских — Белое сухое | R13: Шардоне авторская технология — Мысхако — Белое сухое
A14: 87.81_09-09-2026_17-16-36.webp | B14: не уверен | C14: aya-organic-wine-vineyards-purity-in-chenin-blanc-shenen-blan-beloe-suhoe-11 | D14: Purity in Chenin Blanc — AYA Organic Wine & Vineyards — Белое сухое | E14: есть похожее, но в названии вместо in balance написано in-chenin-blanc | F14: aya-organic-wine-vineyards-purity-in-syrah-sira-rozovoe-suhoe-132 | G14: aya-organic-wine-vineyards-purity-in-trinity-pino-nuar-rozovoe-suhoe-13 | H14: aya-organic-wine-vineyards-purity-in-syrah-sira-krasnoe-suhoe-146 | I14: aya-organic-wine-vineyards-purity-in-merlot-merlo-rozovoe-suhoe-134 | J14: aya-organic-wine-vineyards-purity-in-chenin-blanc-shenen-blan-beloe-suhoe-11 | K14: =IF(C14="","",IFERROR(MATCH(C14,F14:J14,0),"нет")) | L14: =IF(C14="","",IF(K14=1,1,0)) | M14: =IF(C14="","",IF(ISNUMBER(K14),1,0)) | N14: Purity in Syrah — AYA Organic Wine & Vineyards — Розовое сухое | O14: Purity in Trinity — AYA Organic Wine & Vineyards — Розовое сухое | P14: Purity in Syrah — AYA Organic Wine & Vineyards — Красное сухое | Q14: Purity in Merlot — AYA Organic Wine & Vineyards — Розовое сухое | R14: Purity in Chenin Blanc — AYA Organic Wine & Vineyards — Белое сухое
A15: 87.88_28-08-2026_16-56-20.webp | B15: не уверен | C15: massandra-muskatel-belyy-belye-sorta-vinograda-beloe-sladkoe-16 | D15: Мускатель белый — Массандра — Белое сладкое | E15: есть такое, но год урожая отличается | F15: massandra-muskatel-belyy-belye-sorta-vinograda-beloe-sladkoe-16 | G15: massandra-muskat-belyy-krasnogo-kamnya-beloe-sladkoe-13 | H15: massandra-muskatel-rozovyy-belye-sorta-vinograda-rozovoe-sladkoe-16 | I15: massandra-muskatel-chernyy-krasnye-sorta-vinograda-krasnoe-sladkoe-16 | J15: massandra-muskat-belyy-yuzhnoberezhnyy-beloe-sladkoe-16 | K15: =IF(C15="","",IFERROR(MATCH(C15,F15:J15,0),"нет")) | L15: =IF(C15="","",IF(K15=1,1,0)) | M15: =IF(C15="","",IF(ISNUMBER(K15),1,0)) | N15: Мускатель белый — Массандра — Белое сладкое | O15: Мускат белый красного камня — Массандра — Белое сладкое | P15: Мускатель розовый — Массандра — Розовое сладкое | Q15: Мускатель черный — Массандра — Красное сладкое | R15: Мускат Белый Южнобережный — Массандра — Белое сладкое
A16: 88.2_05-09-2026_16-29-06.webp | B16: нет в каталоге | F16: inkerman-shato-ruzh | G16: vinodelnya-begildeeva-kaberne-sovinon-krasnoe-suhoe-14 | H16: inkermanskiy-zmv-winemakers-selection-saperavi-krasnoe-polusladkoe-12 | I16: kuban-vino-kaberne-de-tamane-kaberne-sovinon-krasnoe-suhoe-125 | J16: inkerman-shato-blan | K16: =IF(C16="","",IFERROR(MATCH(C16,F16:J16,0),"нет")) | L16: =IF(C16="","",IF(K16=1,1,0)) | M16: =IF(C16="","",IF(ISNUMBER(K16),1,0)) | N16: Inkerman Шато Руж — Инкерманский ЗМВ — Красное полусухое | O16: Каберне Совиньон — Винодельня Бегильдеева — Красное сухое | P16: Winemaker's Selection Саперави — Инкерманский ЗМВ — Красное полусладкое | Q16: Каберне де Тамань — Кубань-Вино — Красное сухое | R16: Инкерман Шато Блан — Инкерманский ЗМВ — Белое полусухое
A17: 88.38_20-08-2026_18-32-58.webp | B17: уверенно | C17: czitronnyj-magaracha-sovinon-blan | D17: Жемчужная 9 Цитрон, Совиньон блан — АРАТТИ — Белое полусухое | F17: czitronnyj-magaracha-sovinon-blan | G17: zhemchuzhnaya-9-risling-sovinon-blan | H17: zhemchuzhnaya-9-aligote-czitron | I17: zhemchuzhnaya-9-czitron-shardone | J17: zhemchuzhnaya-9-czitron-shardone-1 | K17: =IF(C17="","",IFERROR(MATCH(C17,F17:J17,0),"нет")) | L17: =IF(C17="","",IF(K17=1,1,0)) | M17: =IF(C17="","",IF(ISNUMBER(K17),1,0)) | N17: Жемчужная 9 Цитрон, Совиньон блан — АРАТТИ — Белое полусухое | O17: Жемчужная 9 Рислинг,Совиньон блан — АРАТТИ — Белое полусухое | P17: Жемчужная 9 Алиготе, Цитрон — АРАТТИ — Белое сухое | Q17: Жемчужная 9 Цитрон, Шардоне — АРАТТИ — Белое сухое | R17: Жемчужная 9 Цитрон, Шардоне — АРАТТИ — Белое полусладкое
A18: 89.65_19-08-2026_19-48-39.webp | B18: уверенно | C18: rozovoe-zoloto | D18: Розовое золото — Табия — Розовое полусухое | F18: rozovoe-zoloto | G18: roze-2 | H18: bukovinka | I18: rozovaya-pantera | J18: rubin-golodrigi | K18: =IF(C18="","",IFERROR(MATCH(C18,F18:J18,0),"нет")) | L18: =IF(C18="","",IF(K18=1,1,0)) | M18: =IF(C18="","",IF(ISNUMBER(K18),1,0)) | N18: Розовое золото — Табия — Розовое полусухое | O18: Розе — Табия — Розовое сухое | P18: Буковинка — Табия — Белое полусухое | Q18: Розовая Пантера полусладкое розовое — АРАТТИ — Розовое полусладкое | R18: Рубин Голодриги — Табия — Красное сухое
A19: 90.5_02-09-2026_10-32-11.webp | B19: нет в каталоге | F19: inkerman-shato-ruzh | G19: inkerman-shato-blan | H19: inkerman-muskatnoe-beloe | I19: inkermanskiy-zmv-inkerman-polusladkoe-roze-aligote-rozovoe-135 | J19: inkermanskiy-zmv-inkerman-rozovoe-polusladkoe-rkatsiteli-12 | K19: =IF(C19="","",IFERROR(MATCH(C19,F19:J19,0),"нет")) | L19: =IF(C19="","",IF(K19=1,1,0)) | M19: =IF(C19="","",IF(ISNUMBER(K19),1,0)) | N19: Inkerman Шато Руж — Инкерманский ЗМВ — Красное полусухое | O19: Инкерман Шато Блан — Инкерманский ЗМВ — Белое полусухое | P19: Inkerman Мускатное белое — Инкерманский ЗМВ — Белое полусладкое | Q19: Inkerman полусладкое розе — Инкерманский ЗМВ — Розовое полусладкое | R19: Инкерман Розовое полусладкое — Инкерманский ЗМВ — Розовое полусладкое
A20: 91.07_20-08-2026_18-37-46.webp | B20: уверенно | C20: aratti-kaberne-sovinon-2021-krasnoe-suhoe | D20: АРАТТИ Каберне Совиньон 2021 красное сухое — АРАТТИ — Красное сухое | F20: aratti-kaberne-sovinon-2021-krasnoe-suhoe | G20: aratti-kaberne-sovinon-2020-krasnoe-suhoe | H20: aratti-kaberne-po-belomu | I20: aratti-kaberne-po-belomu-1 | J20: aratti-sovinon-blan-beloe-polusuhoe | K20: =IF(C20="","",IFERROR(MATCH(C20,F20:J20,0),"нет")) | L20: =IF(C20="","",IF(K20=1,1,0)) | M20: =IF(C20="","",IF(ISNUMBER(K20),1,0)) | N20: АРАТТИ Каберне Совиньон 2021 красное сухое — АРАТТИ — Красное сухое | O20: АРАТТИ Каберне Совиньон 2020 красное сухое — АРАТТИ — Красное сухое | P20: АРАТТИ Каберне по-белому — АРАТТИ — Красное сухое | Q20: АРАТТИ Каберне по-белому — АРАТТИ — Розовое полусухое | R20: АРАТТИ Совиньон блан белое полусухое — АРАТТИ — Белое полусухое
A21: 91.43_02-09-2026_12-08-50.webp | B21: уверенно | C21: merlo-2 | D21: Мерло — Литавщук. Litavshchuk vineyards & winery — Красное сухое | F21: merlo-2 | G21: vinodelnya-begildeeva-merlo-krasnoe-suhoe-14 | H21: vinodelnya-begildeeva-kaberne-sovinon-merlo-krasnoe-suhoe-14 | I21: merlo | J21: vinnyy-kooperativ-intuitsiya-kaberne-sovinon-merlo-saperavi-krasnoe-suhoe-128 | K21: =IF(C21="","",IFERROR(MATCH(C21,F21:J21,0),"нет")) | L21: =IF(C21="","",IF(K21=1,1,0)) | M21: =IF(C21="","",IF(ISNUMBER(K21),1,0)) | N21: Мерло — Литавщук. Litavshchuk vineyards & winery — Красное сухое | O21: Мерло — Винодельня Бегильдеева — Красное сухое | P21: Каберне Совиньон – Мерло — Винодельня Бегильдеева — Красное сухое | Q21: Мерло — Галицкий и Галицкий — Красное сухое | R21: Каберне Совиньон - Мерло — Винный кооператив Интуиция — Красное сухое
A22: 92.21_19-08-2026_18-57-31.webp | B22: уверенно | C22: belaya-lvicza | D22: Белая Львица белое полусладкое — АРАТТИ — Белое полусладкое | F22: belaya-lvicza | G22: chernaya-lvicza-polusladkoe-krasnoe | H22: rozovaya-pantera | I22: aratti-muskat-belyj-suhoe | J22: aratti-muskat-belyj-polusuhoe | K22: =IF(C22="","",IFERROR(MATCH(C22,F22:J22,0),"нет")) | L22: =IF(C22="","",IF(K22=1,1,0)) | M22: =IF(C22="","",IF(ISNUMBER(K22),1,0)) | N22: Белая Львица белое полусладкое — АРАТТИ — Белое полусладкое | O22: Черная Львица полусладкое красное — АРАТТИ — Красное полусладкое | P22: Розовая Пантера полусладкое розовое — АРАТТИ — Розовое полусладкое | Q22: АРАТТИ Мускат белый сухое — АРАТТИ — Белое сухое | R22: АРАТТИ Мускат белый полусухое — АРАТТИ — Белое полусухое
A23: 92.6_07-09-2026_11-04-40.webp | B23: уверенно | C23: aratti-kaberne-sovinon-2020-krasnoe-suhoe | D23: АРАТТИ Каберне Совиньон 2020 красное сухое — АРАТТИ — Красное сухое | F23: aratti-kaberne-sovinon-2020-krasnoe-suhoe | G23: aratti-kaberne-sovinon-2021-krasnoe-suhoe | H23: artvin-kaberne-sovinon-grand-rezerv-krasnoe-suhoe-13 | I23: vinodelnya-begildeeva-kaberne-sovinon-krasnoe-suhoe-14 | J23: aratti-sovinon-blan-beloe-polusuhoe | K23: =IF(C23="","",IFERROR(MATCH(C23,F23:J23,0),"нет")) | L23: =IF(C23="","",IF(K23=1,1,0)) | M23: =IF(C23="","",IF(ISNUMBER(K23),1,0)) | N23: АРАТТИ Каберне Совиньон 2020 красное сухое — АРАТТИ — Красное сухое | O23: АРАТТИ Каберне Совиньон 2021 красное сухое — АРАТТИ — Красное сухое | P23: Каберне Совиньон Гранд Резерв — Артвин — Красное сухое | Q23: Каберне Совиньон — Винодельня Бегильдеева — Красное сухое | R23: АРАТТИ Совиньон блан белое полусухое — АРАТТИ — Белое полусухое
A24: 92.94_21-08-2026_19-37-08.webp | B24: не уверен | C24: denisov-winery-sovinon-blan-beloe-suhoe-115 | D24: Совиньон Блан — Denisov Winery — Белое сухое | E24: есть такое, но этикетка черная, а не белая | F24: denisov-winery-sovinon-blan-beloe-suhoe-115 | G24: dubinin-winery-sovinon-blan-beloe-suhoe-12 | H24: sovinon-blan | I24: zhemchuzhnaya-9-sovinon-blan-aligote | J24: blagolyubov-sovinon-blan-beloe-suhoe-125 | K24: =IF(C24="","",IFERROR(MATCH(C24,F24:J24,0),"нет")) | L24: =IF(C24="","",IF(K24=1,1,0)) | M24: =IF(C24="","",IF(ISNUMBER(K24),1,0)) | N24: Совиньон Блан — Denisov Winery — Белое сухое | O24: Совиньон Блан — Dubinin Winery — Белое сухое | P24: Совиньон Блан — Литавщук. Litavshchuk vineyards & winery — Белое полусладкое | Q24: Жемчужная 9 Совиньон блан, Алиготе — АРАТТИ — Белое сухое | R24: Совиньон Блан — Благолюбов — Белое сухое
A25: 92.96_19-08-2026_21-07-12.webp | B25: уверенно | C25: aratti-kaberne-sovinon-2020-krasnoe-suhoe | D25: АРАТТИ Каберне Совиньон 2020 красное сухое — АРАТТИ — Красное сухое | F25: aratti-kaberne-sovinon-2020-krasnoe-suhoe | G25: aratti-kaberne-sovinon-2021-krasnoe-suhoe | H25: artvin-kaberne-sovinon-grand-rezerv-krasnoe-suhoe-13 | I25: vinodelnya-begildeeva-kaberne-sovinon-krasnoe-suhoe-14 | J25: usadba-markoth-kaberne-sovinon-rezerv-krasnoe-suhoe-13 | K25: =IF(C25="","",IFERROR(MATCH(C25,F25:J25,0),"нет")) | L25: =IF(C25="","",IF(K25=1,1,0)) | M25: =IF(C25="","",IF(ISNUMBER(K25),1,0)) | N25: АРАТТИ Каберне Совиньон 2020 красное сухое — АРАТТИ — Красное сухое | O25: АРАТТИ Каберне Совиньон 2021 красное сухое — АРАТТИ — Красное сухое | P25: Каберне Совиньон Гранд Резерв — Артвин — Красное сухое | Q25: Каберне Совиньон — Винодельня Бегильдеева — Красное сухое | R25: Каберне Совиньон Резерв — Усадьба Маркотх — Красное сухое
A26: 92.99_02-09-2026_04-20-19.webp | B26: нет в каталоге | F26: mont-blanc-blanc-de-blancs | G26: vinodelnya-myshako-rose-de-noirs-pino-nuar-rozovoe-bryut-123 | H26: rozovaya-pantera | I26: usadba-divnomorskoe-rose-vione-rozovoe-suhoe-125 | J26: kuban-vino-vysokiy-bereg-grafit-roze-kaberne-sovinon-rozovoe-suhoe-12 | K26: =IF(C26="","",IFERROR(MATCH(C26,F26:J26,0),"нет")) | L26: =IF(C26="","",IF(K26=1,1,0)) | M26: =IF(C26="","",IF(ISNUMBER(K26),1,0)) | N26: Mont Blanc, Blanc de Blancs — Шато АЛВИСА — Белое брют | O26: Rose De Noirs — Мысхако — Розовое брют | P26: Розовая Пантера полусладкое розовое — АРАТТИ — Розовое полусладкое | Q26: Rose — Усадьба Дивноморское — Розовое сухое | R26: Высокий Берег Графит Розе — Кубань-Вино — Розовое сухое
A27: 93.31_05-09-2026_13-39-37.webp | B27: уверенно | C27: golubitskoe-estate-noble-selection-red-blend-kaberne-sovinon-krasnoe-suhoe-136 | D27: Noble Selection Red Blend — Golubitskoe Estate — Красное сухое | F27: golubitskoe-estate-noble-selection-red-blend-kaberne-sovinon-krasnoe-suhoe-136 | G27: golubitskoe-estate-kaberne-sovinon-noble-selection-krasnoe-suhoe-133 | H27: golubitskoe-estate-noble-selection-white-blend-shardone-beloe-suhoe-135 | I27: golubitskoe-estate-red-blend-kaberne-sovinon-krasnoe-suhoe-136 | J27: golubitskoe-estate-kaberne-sovinon-rezerv-krasnoe-suhoe-125 | K27: =IF(C27="","",IFERROR(MATCH(C27,F27:J27,0),"нет")) | L27: =IF(C27="","",IF(K27=1,1,0)) | M27: =IF(C27="","",IF(ISNUMBER(K27),1,0)) | N27: Noble Selection Red Blend — Golubitskoe Estate — Красное сухое | O27: Каберне Совиньон Noble Selection — Golubitskoe Estate — Красное сухое | P27: Noble Selection White Blend — Golubitskoe Estate — Белое сухое | Q27: Red Blend — Golubitskoe Estate — Красное сухое | R27: Каберне Совиньон Резерв — Golubitskoe Estate — Красное сухое
A28: 93.43_05-09-2026_13-34-45.webp | B28: уверенно | C28: denisov_pet_nat_rubin | D28: Пет-Нат Рубин — Denisov Winery — Розовое экстра брют | F28: denisov-winery-petnat-risling-beloe-ekstra-bryut-10 | G28: denisov-winery-petnat-rkatsiteli-beloe-ekstra-bryut-107 | H28: denisov-winery-petnat-tsitron-risling-tsitronnyy-magaracha-beloe-ekstra-bryut-102 | I28: denisov_pet_nat_rubin | J28: fioletovyj-rannij-petnat | K28: =IF(C28="","",IFERROR(MATCH(C28,F28:J28,0),"нет")) | L28: =IF(C28="","",IF(K28=1,1,0)) | M28: =IF(C28="","",IF(ISNUMBER(K28),1,0)) | N28: Петнат Рислинг — Denisov Winery — Белое экстра брют | O28: Петнат Ркацители — Denisov Winery — Белое экстра брют | P28: Петнат Цитрон - Рислинг — Denisov Winery — Белое экстра брют | Q28: Пет-Нат Рубин — Denisov Winery — Розовое экстра брют | R28: Фиолетовый Ранний петнат — Гусевъ — Белое экстра брют
A29: 93.68_19-08-2026_20-44-28.webp | B29: уверенно | C29: zakat-denisov-vajneri | D29: Закат. Денисов Вайнери — Denisov Winery — Розовое сухое | F29: zakat-denisov-vajneri | G29: znoj-denisov-vajneri | H29: zhemchuzhnaya-9-pino-nuar-muskat-rozovyj | I29: rozovaya-pantera | J29: vinodelnya-78-muskat-polusladkoe-muskat-ottonel-beloe-115 | K29: =IF(C29="","",IFERROR(MATCH(C29,F29:J29,0),"нет")) | L29: =IF(C29="","",IF(K29=1,1,0)) | M29: =IF(C29="","",IF(ISNUMBER(K29),1,0)) | N29: Закат. Денисов Вайнери — Denisov Winery — Розовое сухое | O29: Зной. Денисов Вайнери — Denisov Winery — Белое сухое | P29: Жемчужная 9 Пино Нуар, Мускат Розовый — АРАТТИ — Розовое сухое | Q29: Розовая Пантера полусладкое розовое — АРАТТИ — Розовое полусладкое | R29: Мускат полусладкое — Винодельня 78 — Белое полусладкое
A30: 93.84_02-09-2026_17-13-04.webp | B30: уверенно | C30: zakat-denisov-vajneri | D30: Закат. Денисов Вайнери — Denisov Winery — Розовое сухое | F30: zakat-denisov-vajneri | G30: vinodelnya-78-muskat-polusladkoe-muskat-ottonel-beloe-115 | H30: rozovaya-pantera | I30: zhemchuzhnaya-9-pino-nuar-muskat-rozovyj | J30: vinodelnya-vedernikov-tsimlyanskiy-chernyy-rozovyy-rozovoe-suhoe-125 | K30: =IF(C30="","",IFERROR(MATCH(C30,F30:J30,0),"нет")) | L30: =IF(C30="","",IF(K30=1,1,0)) | M30: =IF(C30="","",IF(ISNUMBER(K30),1,0)) | N30: Закат. Денисов Вайнери — Denisov Winery — Розовое сухое | O30: Мускат полусладкое — Винодельня 78 — Белое полусладкое | P30: Розовая Пантера полусладкое розовое — АРАТТИ — Розовое полусладкое | Q30: Жемчужная 9 Пино Нуар, Мускат Розовый — АРАТТИ — Розовое сухое | R30: Цимлянский Черный розовый — Ведерниковъ — Розовое сухое
A31: 93.95_05-09-2026_15-29-36.webp | B31: нет в каталоге | F31: abrau-dyurso-imperial-kyuve-pino-nuar-rozovoe-bryut-125 | G31: fanagoriya-alveus-ultra-cuvee-brut-shardone-beloe-bryut-12 | H31: novyy-svet-dom-shampanskih-vin-igristoe-vino-vyderzhannoe-polusladkoe-rozovoe-novyy-svet-pino-fran-135 | I31: fanagoriya-alveus-ultra-cuvee-ekstra-bryut-rozovoe-merlo-12 | J31: fanagoriya-alveus-ultra-cuvee-ekstra-bryut-beloe-risling-reynskiy-12 | K31: =IF(C31="","",IFERROR(MATCH(C31,F31:J31,0),"нет")) | L31: =IF(C31="","",IF(K31=1,1,0)) | M31: =IF(C31="","",IF(ISNUMBER(K31),1,0)) | N31: Империал Кюве — Абрау-Дюрсо — Розовое брют | O31: Alveus Ultra Cuvee Brut — Фанагория — Белое брют | P31: Игристое вино выдержанное полусладкое розовое «Новый Свет. Пино Фран» — Новый Свет. Дом шампанских вин — Розовое полусладкое | Q31: Alveus Ultra Cuvee. Экстра брют розовое — Фанагория — Розовое экстра брют | R31: Alveus Ultra Cuvee. Экстра брют белое — Фанагория — Белое экстра брют
A32: 93.97_28-08-2026_16-02-48.webp | B32: нет в каталоге | F32: golubitskoe-estate-chardonnay | G32: golubitskoe-estate-shardone-rezerv-beloe-suhoe-135 | H32: golubitskoe-estate-shardone-noble-selection-barrel-touch-beloe-suhoe-135 | I32: golubitskoe-estate-sovinon-blan-beloe-suhoe-11 | J32: pomeste-golubitskoe-shardone-rezerv-beloe-suhoe-132 | K32: =IF(C32="","",IFERROR(MATCH(C32,F32:J32,0),"нет")) | L32: =IF(C32="","",IF(K32=1,1,0)) | M32: =IF(C32="","",IF(ISNUMBER(K32),1,0)) | N32: Golubitskoe Estate Chardonnay — Поместье Голубицкое — Белое сухое | O32: Шардоне Резерв — Golubitskoe Estate — Белое сухое | P32: Шардоне Noble Selection Barrel Touch — Golubitskoe Estate — Белое сухое | Q32: Совиньон Блан — Golubitskoe Estate — Белое сухое | R32: Шардоне Резерв — Golubitskoe Estate — Белое сухое
A33: 94.02_24-08-2026_17-46-57.webp | B33: уверенно | C33: rubin-golodrigi | D33: Рубин Голодриги — Табия — Красное сухое | F33: rubin-golodrigi | G33: kaberne-sovinon-2 | H33: bukovinka | I33: pobeda | J33: roze-2 | K33: =IF(C33="","",IFERROR(MATCH(C33,F33:J33,0),"нет")) | L33: =IF(C33="","",IF(K33=1,1,0)) | M33: =IF(C33="","",IF(ISNUMBER(K33),1,0)) | N33: Рубин Голодриги — Табия — Красное сухое | O33: Каберне Совиньон — Табия — Красное сухое | P33: Буковинка — Табия — Белое полусухое | Q33: Победа — Табия — Красное сухое | R33: Розе — Табия — Розовое сухое
A34: 94.43_05-09-2026_15-29-25.webp | B34: нет в каталоге | F34: novyy-svet-dom-shampanskih-vin-igristoe-vino-vyderzhannoe-polusladkoe-rozovoe-novyy-svet-pino-fran-135 | G34: rozovoe-bryut-1 | H34: fanagoriya-alveus-ultra-cuvee-brut-shardone-beloe-bryut-12 | I34: vinodelnya-78-muskat-polusladkoe-muskat-ottonel-beloe-115 | J34: balaklava-bryut-rezerv | K34: =IF(C34="","",IFERROR(MATCH(C34,F34:J34,0),"нет")) | L34: =IF(C34="","",IF(K34=1,1,0)) | M34: =IF(C34="","",IF(ISNUMBER(K34),1,0)) | N34: Игристое вино выдержанное полусладкое розовое «Новый Свет. Пино Фран» — Новый Свет. Дом шампанских вин — Розовое полусладкое | O34: Розовое брют — Золотая Балка — Розовое брют | P34: Alveus Ultra Cuvee Brut — Фанагория — Белое брют | Q34: Мускат полусладкое — Винодельня 78 — Белое полусладкое | R34: Балаклава Брют Резерв — Золотая Балка — Белое брют
A35: 94.55_02-09-2026_16-53-08.webp | B35: уверенно | C35: denisov_pazori_risling | D35: Пазори Рислинг — Denisov Winery — Белое брют | F35: denisov-winery-pino-nuar-shardone-ekstra-bryut-beloe-125 | G35: denisov_pazori_risling | H35: znoj-denisov-vajneri | I35: vinodelnya-zhakov-saperavi-vyderzhannoe-krasnoe-suhoe-115 | J35: vinodelnya-uzunov-nrav-krasnostop-zolotovskiy-krasnoe-suhoe-132 | K35: =IF(C35="","",IFERROR(MATCH(C35,F35:J35,0),"нет")) | L35: =IF(C35="","",IF(K35=1,1,0)) | M35: =IF(C35="","",IF(ISNUMBER(K35),1,0)) | N35: Пино Нуар - Шардоне экстра брют — Denisov Winery — Белое экстра брют | O35: Пазори Рислинг — Denisov Winery — Белое брют | P35: Зной. Денисов Вайнери — Denisov Winery — Белое сухое | Q35: Саперави выдержанное — Винодельня Жаков — Красное сухое | R35: Нрав — Винодельня Узунов — Красное сухое
A36: 94.72_21-08-2026_15-41-48.webp | B36: не уверен | C36: derbent-vino-desono-kaberne-sovinon-krasnoe-suhoe-125 | D36: Дэсоно Каберне Совиньон — Дербент Вино — Красное сухое | E36: есть такое, но надпись внизу несоответствует, она больше. но фактически одно и то же | F36: derbent-vino-desono-kaberne-sovinon-krasnoe-suhoe-125 | G36: derbent-vino-desono-merlo-krasnoe-suhoe-125 | H36: derbent-vino-desono-kaberne-fran-krasnoe-suhoe-125 | I36: derbent-vino-desono-risling-beloe-suhoe-125 | J36: derbent-vino-desono-shardone-beloe-suhoe-125 | K36: =IF(C36="","",IFERROR(MATCH(C36,F36:J36,0),"нет")) | L36: =IF(C36="","",IF(K36=1,1,0)) | M36: =IF(C36="","",IF(ISNUMBER(K36),1,0)) | N36: Дэсоно Каберне Совиньон — Дербент Вино — Красное сухое | O36: Дэсоно Мерло — Дербент Вино — Красное сухое | P36: Дэсоно Каберне Фран — Дербент Вино — Красное сухое | Q36: Дэсоно Рислинг — Дербент Вино — Белое сухое | R36: Дэсоно Шардоне — Дербент Вино — Белое сухое
A37: 94.7_25-08-2026_15-52-07.webp | B37: уверенно | C37: czitronnyj-magaracha-sovinon-blan | D37: Жемчужная 9 Цитрон, Совиньон блан — АРАТТИ — Белое полусухое | F37: czitronnyj-magaracha-sovinon-blan | G37: zhemchuzhnaya-9-czitron-shardone-1 | H37: zhemchuzhnaya-9-aligote-czitron | I37: zhemchuzhnaya-9-czitron-shardone | J37: zhemchuzhnaya-9-risling-sovinon-blan | K37: =IF(C37="","",IFERROR(MATCH(C37,F37:J37,0),"нет")) | L37: =IF(C37="","",IF(K37=1,1,0)) | M37: =IF(C37="","",IF(ISNUMBER(K37),1,0)) | N37: Жемчужная 9 Цитрон, Совиньон блан — АРАТТИ — Белое полусухое | O37: Жемчужная 9 Цитрон, Шардоне — АРАТТИ — Белое полусладкое | P37: Жемчужная 9 Алиготе, Цитрон — АРАТТИ — Белое сухое | Q37: Жемчужная 9 Цитрон, Шардоне — АРАТТИ — Белое сухое | R37: Жемчужная 9 Рислинг,Совиньон блан — АРАТТИ — Белое полусухое
A38: 94.83_27-08-2026_14-29-28.webp | B38: нет в каталоге | F38: shato-pino-gravitatsiya-kaberne-sovinon-merlo-krasnoe-suhoe-135 | G38: shato-pino-sovinon-blan-semilon-beloe-suhoe-115 | H38: shato-pino-marselan-merlo-krasnoe-suhoe-13 | I38: shato-pino-shardone-beloe-suhoe-125 | J38: shato-pino-aligote-rkatsiteli-beloe-suhoe-12 | K38: =IF(C38="","",IFERROR(MATCH(C38,F38:J38,0),"нет")) | L38: =IF(C38="","",IF(K38=1,1,0)) | M38: =IF(C38="","",IF(ISNUMBER(K38),1,0)) | N38: Гравитация. Каберне Совиньон - Мерло — Шато Пино — Красное сухое | O38: Совиньон Блан - Семильон — Шато Пино — Белое сухое | P38: Марселан - Мерло — Шато Пино — Красное сухое | Q38: Шардоне — Шато Пино — Белое сухое | R38: Алиготе - Ркацители белое сухое — Шато Пино — Белое сухое
A39: 94.8_01-09-2026_10-10-02.webp | B39: нет в каталоге | F39: massandra-portveyn-krasnyy-alushta-krasnye-sorta-vinograda-krasnoe-sladkoe-17 | G39: soyuz-vino-mosavali-saperavi-polusladkoe-krasnoe-11 | H39: perovskih_polusladkoe_krasnoe | I39: massandra-portveyn-krasnyy-livadiya-kaberne-sovinon-krasnoe-sladkoe-185 | J39: kaberne-sovinon | K39: =IF(C39="","",IFERROR(MATCH(C39,F39:J39,0),"нет")) | L39: =IF(C39="","",IF(K39=1,1,0)) | M39: =IF(C39="","",IF(ISNUMBER(K39),1,0)) | N39: Портвейн красный Алушта — Массандра — Красное сладкое | O39: Мосавали Саперави Полусладкое — Союз-Вино — Красное полусладкое | P39: Полусладкое Красное — Усадьба Перовских — Красное полусладкое | Q39: Портвейн красный Ливадия — Массандра — Красное сладкое | R39: Каберне Совиньон — Массандра — Красное сладкое
A40: 94.94_05-09-2026_15-04-50.webp | B40: не уверен | C40: denisov-winery-sovinon-blan-beloe-suhoe-115 | D40: Совиньон Блан — Denisov Winery — Белое сухое | E40: этикетка немного другая. в slug черная, а на фото белая | F40: denisov-winery-sovinon-blan-beloe-suhoe-115 | G40: dubinin-winery-sovinon-blan-beloe-suhoe-12 | H40: znoj-denisov-vajneri | I40: imenie-sikory-sovinon-blan-sikory-beloe-suhoe-13 | J40: zhemchuzhnaya-9-sovinon-blan-aligote | K40: =IF(C40="","",IFERROR(MATCH(C40,F40:J40,0),"нет")) | L40: =IF(C40="","",IF(K40=1,1,0)) | M40: =IF(C40="","",IF(ISNUMBER(K40),1,0)) | N40: Совиньон Блан — Denisov Winery — Белое сухое | O40: Совиньон Блан — Dubinin Winery — Белое сухое | P40: Зной. Денисов Вайнери — Denisov Winery — Белое сухое | Q40: Совиньон Блан Сикоры — Имение Сикоры — Белое сухое | R40: Жемчужная 9 Совиньон блан, Алиготе — АРАТТИ — Белое сухое
A41: 94.97_02-09-2026_19-01-48.webp | B41: уверенно | C41: zhemchuzhnaya-9-pino-nuar-muskat-rozovyj-2 | D41: Жемчужная 9 Пино нуар, Мускат Розовый — АРАТТИ — Розовое полусладкое | F41: zhemchuzhnaya-9-pino-nuar-muskat-rozovyj-2 | G41: zhemchuzhnaya-9-pino-nuar-muskat-rozovyj-1 | H41: zhemchuzhnaya-9-pino-nuar-muskat-rozovyj | I41: zhemchuzhnaya-9-muskat-rozovyj-kaberne-sovinon | J41: zhemchuzhnaya-9-muskat-rozovyj-pino-gri | K41: =IF(C41="","",IFERROR(MATCH(C41,F41:J41,0),"нет")) | L41: =IF(C41="","",IF(K41=1,1,0)) | M41: =IF(C41="","",IF(ISNUMBER(K41),1,0)) | N41: Жемчужная 9 Пино нуар, Мускат Розовый — АРАТТИ — Розовое полусладкое | O41: Жемчужная 9 Пино Нуар, Мускат розовый — АРАТТИ — Розовое полусухое | P41: Жемчужная 9 Пино Нуар, Мускат Розовый — АРАТТИ — Розовое сухое | Q41: Жемчужная 9 Мускат Розовый, Каберне Совиньон — АРАТТИ — Розовое полусладкое | R41: Жемчужная 9 Мускат Розовый, Пино гри — АРАТТИ — Розовое сухое
A42: 95.03_04-09-2026_11-39-35.webp | B42: уверенно | C42: fanagoriya-zelyonoe-vino-risling-tsitronnyy-magaracha-beloe-polusuhoe-11 | D42: Зелёное вино. Рислинг - Цитронный Магарача — Фанагория — Белое полусухое | F42: fanagoriya-zelyonoe-vino-risling-tsitronnyy-magaracha-beloe-polusuhoe-11 | G42: fanagoriya-zelyonoe-vino-risling-tsitronnyy-magaracha-merlo-rozovoe-polusuhoe-11 | H42: fanagoriya-beloe-polusladkoe | I42: fanagoriya-ona-skazala-da-beloe-polusladkoe | J42: vinodelnya-vedernikov-vedernikov-dolina-dona-beloe-suhoe-aligote-12 | K42: =IF(C42="","",IFERROR(MATCH(C42,F42:J42,0),"нет")) | L42: =IF(C42="","",IF(K42=1,1,0)) | M42: =IF(C42="","",IF(ISNUMBER(K42),1,0)) | N42: Зелёное вино. Рислинг - Цитронный Магарача — Фанагория — Белое полусухое | O42: Зелёное вино. Рислинг - Цитронный Магарача - Мерло — Фанагория — Розовое полусухое | P42: Фанагория белое полусладкое — Фанагория — Белое полусладкое | Q42: Фанагория Она сказала Да! белое полусладкое — Фанагория — Белое полусладкое | R42: Ведерниковъ Долина Дона Белое Сухое — Ведерниковъ — Белое сухое
A43: 95.07_01-09-2026_16-15-35.webp | B43: нет в каталоге | F43: khrustaleva-76-muscat-bryut-beloe | G43: kuban-vino-aristov-kyuve-aleksandr-rose-de-pinot-pino-nuar-rozovoe-ekstra-bryut-12 | H43: usadba-perovskih-blanc-de-blancs-shardone-beloe-ekstra-bryut-11 | I43: shato-pino-pino-gri-roze-rozovoe-ekstra-bryut-12 | J43: kuban-vino-aristov-kyuve-aleksandr-blanc-de-blancs-36-shardone-beloe-ekstra-bryut-12 | K43: =IF(C43="","",IFERROR(MATCH(C43,F43:J43,0),"нет")) | L43: =IF(C43="","",IF(K43=1,1,0)) | M43: =IF(C43="","",IF(ISNUMBER(K43),1,0)) | N43: Khrustaleva 76 muscat, брют, белое — AYA Organic Wine & Vineyards — Белое брют | O43: Аристов. Кюве Александр Rose de Pinot — Кубань-Вино — Розовое экстра брют | P43: Blanc de Blancs — Усадьба Перовских — Белое экстра брют | Q43: Пино Гри розе — Шато Пино — Розовое экстра брют | R43: Аристов. Кюве Александр Blanc de Blancs 36 — Кубань-Вино — Белое экстра брют
A44: 95.17_29-08-2026_11-06-42.webp | B44: нет в каталоге | F44: golubitskoe-estate-pino-nuar-rezerv-krasnoe-suhoe-132 | G44: golubitskoe-estate-red-blend-kaberne-sovinon-krasnoe-suhoe-136 | H44: golubitskoe-estate-winery-series-pino-nuar-rozovoe-suhoe-115 | I44: golubitskoe-estate-sovinon-blan-beloe-suhoe-11 | J44: golubitskoe-estate-shardone-rezerv-beloe-suhoe-135 | K44: =IF(C44="","",IFERROR(MATCH(C44,F44:J44,0),"нет")) | L44: =IF(C44="","",IF(K44=1,1,0)) | M44: =IF(C44="","",IF(ISNUMBER(K44),1,0)) | N44: Пино Нуар Резерв — Golubitskoe Estate — Красное сухое | O44: Red Blend — Golubitskoe Estate — Красное сухое | P44: Winery Series. Пино Нуар — Golubitskoe Estate — Розовое сухое | Q44: Совиньон Блан — Golubitskoe Estate — Белое сухое | R44: Шардоне Резерв — Golubitskoe Estate — Белое сухое
A45: 95.19_05-09-2026_15-32-06.webp | B45: нет в каталоге | F45: fanagoriya-alveus-ultra-cuvee-brut-shardone-beloe-bryut-12 | G45: fanagoriya-alveus-ultra-cuvee-ekstra-bryut-beloe-risling-reynskiy-12 | H45: fanagoriya-alveus-ultra-cuvee-ekstra-bryut-rozovoe-merlo-12 | I45: fanagoriya-alveus-ultra-cuvee-bryut-rozovoe-merlo-igristoe-bryut-rozovoe-12 | J45: fanagoriya-primum-alveus-brut-2016-shardone-igristoe-bryut-beloe-12 | K45: =IF(C45="","",IFERROR(MATCH(C45,F45:J45,0),"нет")) | L45: =IF(C45="","",IF(K45=1,1,0)) | M45: =IF(C45="","",IF(ISNUMBER(K45),1,0)) | N45: Alveus Ultra Cuvee Brut — Фанагория — Белое брют | O45: Alveus Ultra Cuvee. Экстра брют белое — Фанагория — Белое экстра брют | P45: Alveus Ultra Cuvee. Экстра брют розовое — Фанагория — Розовое экстра брют | Q45: Alveus Ultra Cuvee. Брют розовое — Фанагория — Розовое брют | R45: Primum Alveus Brut 2016 — Фанагория — Белое брют
A46: 95.24_19-08-2026_20-00-22.webp | B46: уверенно | C46: zhemchuzhnaya-9-czitron-shardone-1 | D46: Жемчужная 9 Цитрон, Шардоне — АРАТТИ — Белое полусладкое | F46: zhemchuzhnaya-9-czitron-shardone-1 | G46: czitronnyj-magaracha-sovinon-blan | H46: zhemchuzhnaya-9-czitron-shardone | I46: zhemchuzhnaya-9-aligote-czitron | J46: zhemchuzhnaya-9-sovinon-blan-aligote | K46: =IF(C46="","",IFERROR(MATCH(C46,F46:J46,0),"нет")) | L46: =IF(C46="","",IF(K46=1,1,0)) | M46: =IF(C46="","",IF(ISNUMBER(K46),1,0)) | N46: Жемчужная 9 Цитрон, Шардоне — АРАТТИ — Белое полусладкое | O46: Жемчужная 9 Цитрон, Совиньон блан — АРАТТИ — Белое полусухое | P46: Жемчужная 9 Цитрон, Шардоне — АРАТТИ — Белое сухое | Q46: Жемчужная 9 Алиготе, Цитрон — АРАТТИ — Белое сухое | R46: Жемчужная 9 Совиньон блан, Алиготе — АРАТТИ — Белое сухое
A47: 95.29_21-08-2026_17-24-49.webp | B47: нет в каталоге | F47: bakla-vines-pino-nuar-krasnoe-suhoe-125 | G47: risling-1 | H47: vaynkraft-pino-nuar-krasnoe-suhoe-13 | I47: usadba-mezyb-shishka-pino-nuar-rozovoe-suhoe-115 | J47: oleg | K47: =IF(C47="","",IFERROR(MATCH(C47,F47:J47,0),"нет")) | L47: =IF(C47="","",IF(K47=1,1,0)) | M47: =IF(C47="","",IF(ISNUMBER(K47),1,0)) | N47: Пино Нуар — Bakla Vines — Красное сухое | O47: Рислинг — Табия — Белое полусухое | P47: Пино Нуар — ВайнКрафт — Красное сухое | Q47: Шишка. Пино Нуар — Усадьба Мезыбь — Розовое сухое | R47: Олег — Табия — Белое сухое
A48: 95.2_05-09-2026_13-54-13.webp | B48: уверенно | C48: aratti-kaberne-po-belomu-1 | D48: АРАТТИ Каберне по-белому — АРАТТИ — Розовое полусухое | F48: aratti-kaberne-po-belomu-1 | G48: aratti-kaberne-po-belomu | H48: aratti-kaberne-sovinon-2021-krasnoe-suhoe | I48: aratti-muskat-belyj-polusuhoe | J48: aratti-sovinon-blan-beloe-polusuhoe | K48: =IF(C48="","",IFERROR(MATCH(C48,F48:J48,0),"нет")) | L48: =IF(C48="","",IF(K48=1,1,0)) | M48: =IF(C48="","",IF(ISNUMBER(K48),1,0)) | N48: АРАТТИ Каберне по-белому — АРАТТИ — Розовое полусухое | O48: АРАТТИ Каберне по-белому — АРАТТИ — Красное сухое | P48: АРАТТИ Каберне Совиньон 2021 красное сухое — АРАТТИ — Красное сухое | Q48: АРАТТИ Мускат белый полусухое — АРАТТИ — Белое полусухое | R48: АРАТТИ Совиньон блан белое полусухое — АРАТТИ — Белое полусухое
A49: 95.32_02-09-2026_12-09-23.webp | B49: уверенно | C49: sovinon-blan | D49: Совиньон Блан — Литавщук. Litavshchuk vineyards & winery — Белое полусладкое | F49: sovinon-blan | G49: domashnyaya-gorka | H49: blagolyubov-sovinon-blan-beloe-suhoe-125 | I49: dubinin-winery-sovinon-blan-beloe-suhoe-12 | J49: risling-2 | K49: =IF(C49="","",IFERROR(MATCH(C49,F49:J49,0),"нет")) | L49: =IF(C49="","",IF(K49=1,1,0)) | M49: =IF(C49="","",IF(ISNUMBER(K49),1,0)) | N49: Совиньон Блан — Литавщук. Litavshchuk vineyards & winery — Белое полусладкое | O49: Домашняя горка — Литавщук. Litavshchuk vineyards & winery — Белое полусладкое | P49: Совиньон Блан — Благолюбов — Белое сухое | Q49: Совиньон Блан — Dubinin Winery — Белое сухое | R49: Рислинг — Литавщук. Litavshchuk vineyards & winery — Белое полусухое
A50: 95.35_05-09-2026_15-29-53.webp | B50: нет в каталоге | F50: fanagoriya-alveus-ultra-cuvee-brut-shardone-beloe-bryut-12 | G50: fanagoriya-alveus-ultra-cuvee-ekstra-bryut-rozovoe-merlo-12 | H50: fanagoriya-alveus-ultra-cuvee-ekstra-bryut-beloe-risling-reynskiy-12 | I50: fanagoriya-alveus-ultra-cuvee-bryut-rozovoe-merlo-igristoe-bryut-rozovoe-12 | J50: fanagoriya-primum-alveus-brut-2016-shardone-igristoe-bryut-beloe-12 | K50: =IF(C50="","",IFERROR(MATCH(C50,F50:J50,0),"нет")) | L50: =IF(C50="","",IF(K50=1,1,0)) | M50: =IF(C50="","",IF(ISNUMBER(K50),1,0)) | N50: Alveus Ultra Cuvee Brut — Фанагория — Белое брют | O50: Alveus Ultra Cuvee. Экстра брют розовое — Фанагория — Розовое экстра брют | P50: Alveus Ultra Cuvee. Экстра брют белое — Фанагория — Белое экстра брют | Q50: Alveus Ultra Cuvee. Брют розовое — Фанагория — Розовое брют | R50: Primum Alveus Brut 2016 — Фанагория — Белое брют
A51: 95.36_28-08-2026_17-09-04.webp | B51: нет в каталоге | F51: winemaker-selection | G51: inkerman-shato-blan | H51: inkermanskiy-zmv-inkerman-polusladkoe-rkatsiteli-beloe-13 | I51: inkermanskiy-zmv-inkerman-bryut-rkatsiteli-beloe-12 | J51: inkermanskiy-zmv-winemakers-selection-saperavi-krasnoe-polusladkoe-12 | K51: =IF(C51="","",IFERROR(MATCH(C51,F51:J51,0),"нет")) | L51: =IF(C51="","",IF(K51=1,1,0)) | M51: =IF(C51="","",IF(ISNUMBER(K51),1,0)) | N51: Winemaker selection — Инкерманский ЗМВ — Белое полусухое | O51: Инкерман Шато Блан — Инкерманский ЗМВ — Белое полусухое | P51: Инкерман полусладкое — Инкерманский ЗМВ — Белое полусладкое | Q51: Инкерман Брют — Инкерманский ЗМВ — Белое брют | R51: Winemaker's Selection Саперави — Инкерманский ЗМВ — Красное полусладкое
A52: 95.49_05-09-2026_15-34-51.webp | B52: уверенно | C52: zhemchuzhnaya-9-pino-nuar-muskat-rozovyj-2 | D52: Жемчужная 9 Пино нуар, Мускат Розовый — АРАТТИ — Розовое полусладкое | F52: zhemchuzhnaya-9-pino-nuar-muskat-rozovyj-2 | G52: zhemchuzhnaya-9-pino-nuar-muskat-rozovyj-1 | H52: zhemchuzhnaya-9-pino-nuar-muskat-rozovyj | I52: zhemchuzhnaya-9-muskat-rozovyj-kaberne-sovinon | J52: zhemchuzhnaya-9-muskat-rozovyj-pino-gri | K52: =IF(C52="","",IFERROR(MATCH(C52,F52:J52,0),"нет")) | L52: =IF(C52="","",IF(K52=1,1,0)) | M52: =IF(C52="","",IF(ISNUMBER(K52),1,0)) | N52: Жемчужная 9 Пино нуар, Мускат Розовый — АРАТТИ — Розовое полусладкое | O52: Жемчужная 9 Пино Нуар, Мускат розовый — АРАТТИ — Розовое полусухое | P52: Жемчужная 9 Пино Нуар, Мускат Розовый — АРАТТИ — Розовое сухое | Q52: Жемчужная 9 Мускат Розовый, Каберне Совиньон — АРАТТИ — Розовое полусладкое | R52: Жемчужная 9 Мускат Розовый, Пино гри — АРАТТИ — Розовое сухое
A53: 95.63_24-08-2026_17-47-43.webp | B53: уверенно | C53: rubin-golodrigi | D53: Рубин Голодриги — Табия — Красное сухое | F53: rubin-golodrigi | G53: kaberne-sovinon-2 | H53: bukovinka | I53: roze-2 | J53: rozovoe-zoloto | K53: =IF(C53="","",IFERROR(MATCH(C53,F53:J53,0),"нет")) | L53: =IF(C53="","",IF(K53=1,1,0)) | M53: =IF(C53="","",IF(ISNUMBER(K53),1,0)) | N53: Рубин Голодриги — Табия — Красное сухое | O53: Каберне Совиньон — Табия — Красное сухое | P53: Буковинка — Табия — Белое полусухое | Q53: Розе — Табия — Розовое сухое | R53: Розовое золото — Табия — Розовое полусухое
A54: 95.75_02-09-2026_14-47-49.webp | B54: уверенно | C54: uva-vallis-risling | D54: Uva Vallis Рислинг — Uva Vallis — Красное сухое | F54: uva-vallis-risling | G54: uva-vallis-shardone | H54: uva-vallis-sira | I54: uva-vallis-sovinon-blan | J54: agora-rosa-viva-riesling | K54: =IF(C54="","",IFERROR(MATCH(C54,F54:J54,0),"нет")) | L54: =IF(C54="","",IF(K54=1,1,0)) | M54: =IF(C54="","",IF(ISNUMBER(K54),1,0)) | N54: Uva Vallis Рислинг — Uva Vallis — Красное сухое | O54: Uva Vallis Шардоне — Uva Vallis — Белое сухое | P54: Uva Vallis Сира — Uva Vallis — Красное сухое | Q54: Uva Vallis Совиньон Блан — Uva Vallis — Белое сухое | R54: Agora ROSA VIVA Riesling — AGORA WINERY — Белое сухое
A55: 95.76_23-08-2026_18-19-43.webp | B55: уверенно | C55: denisov_barynya_kurmyshi | D55: Барыня. Курмыши — Denisov Winery — Розовое сухое | F55: denisov_pereplyas_kurmyshi | G55: denisov_barynya_kurmyshi | H55: denisov-winery-assamblyazh-rubin-golodrigi-rozovoe-suhoe-12 | I55: zakat-denisov-vajneri | J55: denisov_pino_noir_klaret | K55: =IF(C55="","",IFERROR(MATCH(C55,F55:J55,0),"нет")) | L55: =IF(C55="","",IF(K55=1,1,0)) | M55: =IF(C55="","",IF(ISNUMBER(K55),1,0)) | N55: Перепляс. Курмыши — Denisov Winery — Розовое сухое | O55: Барыня. Курмыши — Denisov Winery — Розовое сухое | P55: Ассамбляж — Denisov Winery — Розовое сухое | Q55: Закат. Денисов Вайнери — Denisov Winery — Розовое сухое | R55: Пино Нуар кларет. Красная стрелка — Denisov Winery — Розовое сухое
A56: 95.88_02-09-2026_14-41-59.webp | B56: уверенно | C56: fanagoriya-zelyonoe-vino-risling-tsitronnyy-magaracha-beloe-polusuhoe-11 | D56: Зелёное вино. Рислинг - Цитронный Магарача — Фанагория — Белое полусухое | F56: fanagoriya-zelyonoe-vino-risling-tsitronnyy-magaracha-beloe-polusuhoe-11 | G56: fanagoriya-zelyonoe-vino-risling-tsitronnyy-magaracha-merlo-rozovoe-polusuhoe-11 | H56: fanagoriya-dekanter-riesling-2020-risling-reynskiy-beloe-suhoe-13 | I56: fanagoriya-100-ottenkov-shardone-beloe-suhoe-14 | J56: blagolyubov-stanichnoe-stanichnyy-beloe-suhoe-12 | K56: =IF(C56="","",IFERROR(MATCH(C56,F56:J56,0),"нет")) | L56: =IF(C56="","",IF(K56=1,1,0)) | M56: =IF(C56="","",IF(ISNUMBER(K56),1,0)) | N56: Зелёное вино. Рислинг - Цитронный Магарача — Фанагория — Белое полусухое | O56: Зелёное вино. Рислинг - Цитронный Магарача - Мерло — Фанагория — Розовое полусухое | P56: Декантер Riesling 2020 — Фанагория — Белое сухое | Q56: 100 оттенков. Шардоне — Фанагория — Белое сухое | R56: Станичное — Благолюбов — Белое сухое
A57: 95.8_19-08-2026_19-33-23.webp | B57: уверенно | C57: roze-2 | D57: Розе — Табия — Розовое сухое | F57: roze-2 | G57: rozovoe-zoloto | H57: bukovinka | I57: rubin-golodrigi | J57: oleg | K57: =IF(C57="","",IFERROR(MATCH(C57,F57:J57,0),"нет")) | L57: =IF(C57="","",IF(K57=1,1,0)) | M57: =IF(C57="","",IF(ISNUMBER(K57),1,0)) | N57: Розе — Табия — Розовое сухое | O57: Розовое золото — Табия — Розовое полусухое | P57: Буковинка — Табия — Белое полусухое | Q57: Рубин Голодриги — Табия — Красное сухое | R57: Олег — Табия — Белое сухое
A58: 95.8_19-08-2026_20-47-59.webp | B58: не уверен | C58: denisov-winery-sovinon-blan-beloe-suhoe-115 | D58: Совиньон Блан — Denisov Winery — Белое сухое | E58: этикетка по цвету другая | F58: denisov-winery-sovinon-blan-beloe-suhoe-115 | G58: dubinin-winery-sovinon-blan-beloe-suhoe-12 | H58: sovinon-blan | I58: sovinon-blan-krasnaya-gorka | J58: blagolyubov-sovinon-blan-beloe-suhoe-125 | K58: =IF(C58="","",IFERROR(MATCH(C58,F58:J58,0),"нет")) | L58: =IF(C58="","",IF(K58=1,1,0)) | M58: =IF(C58="","",IF(ISNUMBER(K58),1,0)) | N58: Совиньон Блан — Denisov Winery — Белое сухое | O58: Совиньон Блан — Dubinin Winery — Белое сухое | P58: Совиньон Блан — Литавщук. Litavshchuk vineyards & winery — Белое полусладкое | Q58: Совиньон Блан — Галицкий и Галицкий — Белое сухое | R58: Совиньон Блан — Благолюбов — Белое сухое
A59: 96.05_28-08-2026_09-14-57.webp | B59: нет в каталоге | F59: usadba-divnomorskoe-yuzhnyy-les-merlo-krasnoe-suhoe-137 | G59: usadba-divnomorskoe-solnechnyy-veter-shardone-beloe-suhoe-125 | H59: usadba-divnomorskoe-solist-marselan-rozovoe-suhoe-115 | I59: usadba-divnomorskoe-holodnyy-tuman-risling-beloe-suhoe-115 | J59: vinodelnya-vedernikov-vedernikov-krasnostop-zolotovskiy-magnum-krasnoe-suhoe-145 | K59: =IF(C59="","",IFERROR(MATCH(C59,F59:J59,0),"нет")) | L59: =IF(C59="","",IF(K59=1,1,0)) | M59: =IF(C59="","",IF(ISNUMBER(K59),1,0)) | N59: Южный Лес — Усадьба Дивноморское — Красное сухое | O59: Солнечный Ветер — Усадьба Дивноморское — Белое сухое | P59: Солист — Усадьба Дивноморское — Розовое сухое | Q59: Холодный Туман — Усадьба Дивноморское — Белое сухое | R59: Ведерниковъ Красностоп Золотовский (магнум) — Ведерниковъ — Красное сухое
A60: 96.07_28-08-2026_16-10-06.webp | B60: уверенно | C60: golubitskoe-estate-kaberne-sovinon-krasnoe-suhoe-137 | D60: Каберне Совиньон — Golubitskoe Estate — Красное сухое | F60: golubitskoe-estate-kaberne-sovinon-krasnoe-suhoe-137 | G60: golubitskoe-estate-red-blend-kaberne-sovinon-krasnoe-suhoe-136 | H60: pomeste-golubitskoe-kaberne-sovinon-rezerv-krasnoe-suhoe-143 | I60: golubitskoe-estate-kaberne-sovinon-rezerv-krasnoe-suhoe-125 | J60: golubitskoe-estate-sovinon-blan-beloe-suhoe-11 | K60: =IF(C60="","",IFERROR(MATCH(C60,F60:J60,0),"нет")) | L60: =IF(C60="","",IF(K60=1,1,0)) | M60: =IF(C60="","",IF(ISNUMBER(K60),1,0)) | N60: Каберне Совиньон — Golubitskoe Estate — Красное сухое | O60: Red Blend — Golubitskoe Estate — Красное сухое | P60: Каберне Совиньон Резерв — Golubitskoe Estate — Красное сухое | Q60: Каберне Совиньон Резерв — Golubitskoe Estate — Красное сухое | R60: Совиньон Блан — Golubitskoe Estate — Белое сухое
A61: 96.08_22-08-2026_15-12-27.webp | B61: уверенно | C61: zhemchuzhnaya-9-czitron-shardone-1 | D61: Жемчужная 9 Цитрон, Шардоне — АРАТТИ — Белое полусладкое | F61: zhemchuzhnaya-9-czitron-shardone-1 | G61: zhemchuzhnaya-9-czitron-shardone | H61: czitronnyj-magaracha-sovinon-blan | I61: zhemchuzhnaya-9-aligote-czitron | J61: zhemchuzhnaya-9-risling-sovinon-blan | K61: =IF(C61="","",IFERROR(MATCH(C61,F61:J61,0),"нет")) | L61: =IF(C61="","",IF(K61=1,1,0)) | M61: =IF(C61="","",IF(ISNUMBER(K61),1,0)) | N61: Жемчужная 9 Цитрон, Шардоне — АРАТТИ — Белое полусладкое | O61: Жемчужная 9 Цитрон, Шардоне — АРАТТИ — Белое сухое | P61: Жемчужная 9 Цитрон, Совиньон блан — АРАТТИ — Белое полусухое | Q61: Жемчужная 9 Алиготе, Цитрон — АРАТТИ — Белое сухое | R61: Жемчужная 9 Рислинг,Совиньон блан — АРАТТИ — Белое полусухое
A62: 96.08_28-08-2026_16-29-50.webp | B62: уверенно | C62: golubitskoe-estate-merlo-krasnoe-suhoe-135 | D62: Мерло — Golubitskoe Estate — Красное сухое | F62: golubitskoe-estate-merlo-krasnoe-suhoe-135 | G62: golubitskoe-estate-merlo-rezerv-krasnoe-suhoe-135 | H62: golubitskoe-estate-red-blend-kaberne-sovinon-krasnoe-suhoe-136 | I62: golubitskoe-estate-pino-nuar-rezerv-krasnoe-suhoe-132 | J62: pomeste-golubitskoe-kaberne-sovinon-rezerv-krasnoe-suhoe-143 | K62: =IF(C62="","",IFERROR(MATCH(C62,F62:J62,0),"нет")) | L62: =IF(C62="","",IF(K62=1,1,0)) | M62: =IF(C62="","",IF(ISNUMBER(K62),1,0)) | N62: Мерло — Golubitskoe Estate — Красное сухое | O62: Мерло Резерв — Golubitskoe Estate — Красное сухое | P62: Red Blend — Golubitskoe Estate — Красное сухое | Q62: Пино Нуар Резерв — Golubitskoe Estate — Красное сухое | R62: Каберне Совиньон Резерв — Golubitskoe Estate — Красное сухое
A63: 96.11_22-08-2026_21-29-20.webp | B63: нет в каталоге | F63: abrau-dyurso-udelnoe-vedomstvo-imperatorskoe-beloe-bryut | G63: abrau-dyurso-imperial-brut-vintage-shardone-beloe-bryut-12 | H63: aristov-anima-millesimato-beloe-bryut | I63: abrau-dyurso-imperatorskoe-bryut-shardone-beloe-12 | J63: aristov-anima-pinot-grigio-blush | K63: =IF(C63="","",IFERROR(MATCH(C63,F63:J63,0),"нет")) | L63: =IF(C63="","",IF(K63=1,1,0)) | M63: =IF(C63="","",IF(ISNUMBER(K63),1,0)) | N63: Абрау Дюрсо Удельное Ведомство Императорское белое брют — Абрау-Дюрсо — Белое брют | O63: Империал. Brut Vintage — Абрау-Дюрсо — Белое брют | P63: Аристов ANIMA Millesimato белое брют — Кубань-Вино — Белое брют | Q63: Императорское брют — Абрау-Дюрсо — Белое брют | R63: Аристов Anima Pinot Grigio Blush — Кубань-Вино — Розовое брют
A64: 96.13_19-08-2026_19-33-10.webp | B64: уверенно | C64: roze-2 | D64: Розе — Табия — Розовое сухое | F64: roze-2 | G64: rozovoe-zoloto | H64: oleg | I64: kaberne-sovinon-2 | J64: bukovinka | K64: =IF(C64="","",IFERROR(MATCH(C64,F64:J64,0),"нет")) | L64: =IF(C64="","",IF(K64=1,1,0)) | M64: =IF(C64="","",IF(ISNUMBER(K64),1,0)) | N64: Розе — Табия — Розовое сухое | O64: Розовое золото — Табия — Розовое полусухое | P64: Олег — Табия — Белое сухое | Q64: Каберне Совиньон — Табия — Красное сухое | R64: Буковинка — Табия — Белое полусухое
A65: 96.15_22-08-2026_20-56-09.webp | B65: уверенно | C65: roze-2 | D65: Розе — Табия — Розовое сухое | F65: roze-2 | G65: rozovoe-zoloto | H65: bukovinka | I65: rubin-golodrigi | J65: oleg | K65: =IF(C65="","",IFERROR(MATCH(C65,F65:J65,0),"нет")) | L65: =IF(C65="","",IF(K65=1,1,0)) | M65: =IF(C65="","",IF(ISNUMBER(K65),1,0)) | N65: Розе — Табия — Розовое сухое | O65: Розовое золото — Табия — Розовое полусухое | P65: Буковинка — Табия — Белое полусухое | Q65: Рубин Голодриги — Табия — Красное сухое | R65: Олег — Табия — Белое сухое
A66: 96.27_20-08-2026_16-26-30.webp | B66: уверенно | C66: zhemchuzhnaya-9-pino-nuar-muskat-rozovyj-1 | D66: Жемчужная 9 Пино Нуар, Мускат розовый — АРАТТИ — Розовое полусухое | F66: zhemchuzhnaya-9-pino-nuar-muskat-rozovyj-1 | G66: zhemchuzhnaya-9-pino-nuar-muskat-rozovyj | H66: zhemchuzhnaya-9-pino-nuar-muskat-rozovyj-2 | I66: zhemchuzhnaya-9-muskat-rozovyj-pino-gri | J66: zhemchuzhnaya-9-muskat-rozovyj-kaberne-sovinon | K66: =IF(C66="","",IFERROR(MATCH(C66,F66:J66,0),"нет")) | L66: =IF(C66="","",IF(K66=1,1,0)) | M66: =IF(C66="","",IF(ISNUMBER(K66),1,0)) | N66: Жемчужная 9 Пино Нуар, Мускат розовый — АРАТТИ — Розовое полусухое | O66: Жемчужная 9 Пино Нуар, Мускат Розовый — АРАТТИ — Розовое сухое | P66: Жемчужная 9 Пино нуар, Мускат Розовый — АРАТТИ — Розовое полусладкое | Q66: Жемчужная 9 Мускат Розовый, Пино гри — АРАТТИ — Розовое сухое | R66: Жемчужная 9 Мускат Розовый, Каберне Совиньон — АРАТТИ — Розовое полусладкое
A67: 96.29_21-08-2026_19-39-02.webp | B67: не уверен | C67: denisov-winery-sovinon-blan-beloe-suhoe-115 | D67: Совиньон Блан — Denisov Winery — Белое сухое | E67: этикетка немного другая. в slug черная, а на фото белая | F67: denisov-winery-sovinon-blan-beloe-suhoe-115 | G67: dubinin-winery-sovinon-blan-beloe-suhoe-12 | H67: blagolyubov-sovinon-blan-beloe-suhoe-125 | I67: zhemchuzhnaya-9-sovinon-blan-aligote | J67: vinodelnya-myshako-sovinon-blan-avtorskaya-tehnologiya-mono-beloe-suhoe-128 | K67: =IF(C67="","",IFERROR(MATCH(C67,F67:J67,0),"нет")) | L67: =IF(C67="","",IF(K67=1,1,0)) | M67: =IF(C67="","",IF(ISNUMBER(K67),1,0)) | N67: Совиньон Блан — Denisov Winery — Белое сухое | O67: Совиньон Блан — Dubinin Winery — Белое сухое | P67: Совиньон Блан — Благолюбов — Белое сухое | Q67: Жемчужная 9 Совиньон блан, Алиготе — АРАТТИ — Белое сухое | R67: Совиньон Блан. Авторская технология. Моно — Мысхако — Белое сухое
A68: 96.2_28-08-2026_09-13-27.webp | B68: нет в каталоге | F68: usadba-divnomorskoe-yuzhnyy-les-merlo-krasnoe-suhoe-137 | G68: usadba-divnomorskoe-solnechnyy-veter-shardone-beloe-suhoe-125 | H68: usadba-divnomorskoe-solist-marselan-rozovoe-suhoe-115 | I68: usadba-divnomorskoe-holodnyy-tuman-risling-beloe-suhoe-115 | J68: vinodelnya-vedernikov-vedernikov-tsimlyanskiy-chyornyy-tsimlyanskiy-chernyy-krasnoe-suhoe-14 | K68: =IF(C68="","",IFERROR(MATCH(C68,F68:J68,0),"нет")) | L68: =IF(C68="","",IF(K68=1,1,0)) | M68: =IF(C68="","",IF(ISNUMBER(K68),1,0)) | N68: Южный Лес — Усадьба Дивноморское — Красное сухое | O68: Солнечный Ветер — Усадьба Дивноморское — Белое сухое | P68: Солист — Усадьба Дивноморское — Розовое сухое | Q68: Холодный Туман — Усадьба Дивноморское — Белое сухое | R68: Ведерниковъ Цимлянский Чёрный — Ведерниковъ — Красное сухое
A69: 96.2_28-08-2026_19-25-29.webp | B69: нет в каталоге | F69: novyy-svet-dom-shampanskih-vin-rossiyskoe-shampanskoe-kollektsionnoe-bryut-beloe-novyy-svet-yubileynoe-risling-13 | G69: derbent-vino-graf-vorontsov-beloe-polusladkoe-sovinon-blan-105-125 | H69: novyy-svet-dom-shampanskih-vin-rossiyskoe-shampanskoe-kollektsionnoe-bryut-beloe-novyy-svet-zolotoy-risling-suhoe-13 | I69: derbent-vino-graf-vorontsov-bryut-beloe-sovinon-blan-105-125 | J69: derbent-vino-graf-vorontsov-bryut-rozovoe-pervenets-magaracha-105-125 | K69: =IF(C69="","",IFERROR(MATCH(C69,F69:J69,0),"нет")) | L69: =IF(C69="","",IF(K69=1,1,0)) | M69: =IF(C69="","",IF(ISNUMBER(K69),1,0)) | N69: Российское шампанское коллекционное брют белое «Новый Свет. Юбилейное» — Новый Свет. Дом шампанских вин — Белое брют | O69: Граф Воронцов. Белое полусладкое — Дербент Вино — Белое полусладкое | P69: Российское шампанское коллекционное брют белое «Новый Свет. Золотой Рислинг» — Новый Свет. Дом шампанских вин — Белое сухое | Q69: Граф Воронцов. Брют белое — Дербент Вино — Белое брют | R69: Граф Воронцов. Брют розовое — Дербент Вино — Розовое брют
A70: 96.31_09-09-2026_19-29-01.webp | B70: уверенно | C70: aratti-kaberne-po-belomu | D70: АРАТТИ Каберне по-белому — АРАТТИ — Красное сухое | F70: aratti-kaberne-po-belomu-1 | G70: aratti-kaberne-po-belomu | H70: aratti-vremena-goda-saperavi-leto | I70: aratti-kaberne-sovinon-2021-krasnoe-suhoe | J70: aratti-kaberne-sovinon-2020-krasnoe-suhoe | K70: =IF(C70="","",IFERROR(MATCH(C70,F70:J70,0),"нет")) | L70: =IF(C70="","",IF(K70=1,1,0)) | M70: =IF(C70="","",IF(ISNUMBER(K70),1,0)) | N70: АРАТТИ Каберне по-белому — АРАТТИ — Розовое полусухое | O70: АРАТТИ Каберне по-белому — АРАТТИ — Красное сухое | P70: АРАТТИ Времена Года Саперави Лето — АРАТТИ — Красное сухое | Q70: АРАТТИ Каберне Совиньон 2021 красное сухое — АРАТТИ — Красное сухое | R70: АРАТТИ Каберне Совиньон 2020 красное сухое — АРАТТИ — Красное сухое
A71: 96.31_21-08-2026_17-24-55.webp | B71: уверенно | C71: bukovinka | D71: Буковинка — Табия — Белое полусухое | F71: bukovinka | G71: rubin-golodrigi | H71: kaberne-sovinon-2 | I71: oleg | J71: rozovoe-zoloto | K71: =IF(C71="","",IFERROR(MATCH(C71,F71:J71,0),"нет")) | L71: =IF(C71="","",IF(K71=1,1,0)) | M71: =IF(C71="","",IF(ISNUMBER(K71),1,0)) | N71: Буковинка — Табия — Белое полусухое | O71: Рубин Голодриги — Табия — Красное сухое | P71: Каберне Совиньон — Табия — Красное сухое | Q71: Олег — Табия — Белое сухое | R71: Розовое золото — Табия — Розовое полусухое
A72: 96.3_08-09-2026_10-53-14.webp | B72: нет в каталоге | F72: rozovoe-polusladkoe | G72: fanagoriya-beloe-polusladkoe | H72: fanagoriya-zelyonoe-vino-risling-tsitronnyy-magaracha-merlo-rozovoe-polusuhoe-11 | I72: fanagoriya-zelyonoe-vino-risling-tsitronnyy-magaracha-beloe-polusuhoe-11 | J72: fanagoriya-ona-skazala-da-beloe-polusladkoe | K72: =IF(C72="","",IFERROR(MATCH(C72,F72:J72,0),"нет")) | L72: =IF(C72="","",IF(K72=1,1,0)) | M72: =IF(C72="","",IF(ISNUMBER(K72),1,0)) | N72: Розовое полусладкое — Фанагория — Розовое полусладкое | O72: Фанагория белое полусладкое — Фанагория — Белое полусладкое | P72: Зелёное вино. Рислинг - Цитронный Магарача - Мерло — Фанагория — Розовое полусухое | Q72: Зелёное вино. Рислинг - Цитронный Магарача — Фанагория — Белое полусухое | R72: Фанагория Она сказала Да! белое полусладкое — Фанагория — Белое полусладкое
A73: 96.3_28-08-2026_09-12-56.webp | B73: нет в каталоге | F73: usadba-divnomorskoe-yuzhnyy-les-merlo-krasnoe-suhoe-137 | G73: usadba-divnomorskoe-solist-marselan-rozovoe-suhoe-115 | H73: usadba-divnomorskoe-solnechnyy-veter-shardone-beloe-suhoe-125 | I73: usadba-divnomorskoe-holodnyy-tuman-risling-beloe-suhoe-115 | J73: vinodelnya-vedernikov-vedernikov-krasnostop-zolotovskiy-magnum-krasnoe-suhoe-145 | K73: =IF(C73="","",IFERROR(MATCH(C73,F73:J73,0),"нет")) | L73: =IF(C73="","",IF(K73=1,1,0)) | M73: =IF(C73="","",IF(ISNUMBER(K73),1,0)) | N73: Южный Лес — Усадьба Дивноморское — Красное сухое | O73: Солист — Усадьба Дивноморское — Розовое сухое | P73: Солнечный Ветер — Усадьба Дивноморское — Белое сухое | Q73: Холодный Туман — Усадьба Дивноморское — Белое сухое | R73: Ведерниковъ Красностоп Золотовский (магнум) — Ведерниковъ — Красное сухое
A74: 96.42_22-08-2026_21-29-43.webp | B74: нет в каталоге | F74: abrau-dyurso-udelnoe-vedomstvo-imperatorskoe-beloe-bryut | G74: abrau-dyurso-imperatorskoe-bryut-shardone-beloe-12 | H74: abrau-dyurso-imperial-brut-vintage-shardone-beloe-bryut-12 | I74: aristov-anima-millesimato-beloe-bryut | J74: aristov-anima-pinot-grigio-blush | K74: =IF(C74="","",IFERROR(MATCH(C74,F74:J74,0),"нет")) | L74: =IF(C74="","",IF(K74=1,1,0)) | M74: =IF(C74="","",IF(ISNUMBER(K74),1,0)) | N74: Абрау Дюрсо Удельное Ведомство Императорское белое брют — Абрау-Дюрсо — Белое брют | O74: Императорское брют — Абрау-Дюрсо — Белое брют | P74: Империал. Brut Vintage — Абрау-Дюрсо — Белое брют | Q74: Аристов ANIMA Millesimato белое брют — Кубань-Вино — Белое брют | R74: Аристов Anima Pinot Grigio Blush — Кубань-Вино — Розовое брют
A75: 96.44_05-09-2026_15-33-59.webp | B75: уверенно | C75: sovinon-blan | D75: Совиньон Блан — Литавщук. Litavshchuk vineyards & winery — Белое полусладкое | F75: sovinon-blan | G75: risling-2 | H75: blagolyubov-sovinon-blan-beloe-suhoe-125 | I75: dubinin-winery-sovinon-blan-beloe-suhoe-12 | J75: domashnyaya-gorka | K75: =IF(C75="","",IFERROR(MATCH(C75,F75:J75,0),"нет")) | L75: =IF(C75="","",IF(K75=1,1,0)) | M75: =IF(C75="","",IF(ISNUMBER(K75),1,0)) | N75: Совиньон Блан — Литавщук. Litavshchuk vineyards & winery — Белое полусладкое | O75: Рислинг — Литавщук. Litavshchuk vineyards & winery — Белое полусухое | P75: Совиньон Блан — Благолюбов — Белое сухое | Q75: Совиньон Блан — Dubinin Winery — Белое сухое | R75: Домашняя горка — Литавщук. Litavshchuk vineyards & winery — Белое полусладкое
A76: 96.45_02-09-2026_14-19-06.webp | B76: нет в каталоге | F76: abrau-dyurso-russkoe-igristoe-polusuhoe-shardone-beloe-12 | G76: abrau-dyurso-imperial-brut-rose-pino-nuar-rozovoe-bryut-12 | H76: abrau-dyurso-russkoe-igristoe-polusladkoe-krasnoe-kaberne-sovinon-12 | I76: abrau-dyurso-russkoe-igristoe-koshernoe-polusladkoe-shardone-beloe-12 | J76: abrau-dyurso-russkoe-igristoe-polusladkoe-shardone-beloe-12 | K76: =IF(C76="","",IFERROR(MATCH(C76,F76:J76,0),"нет")) | L76: =IF(C76="","",IF(K76=1,1,0)) | M76: =IF(C76="","",IF(ISNUMBER(K76),1,0)) | N76: Русское Игристое полусухое — Абрау-Дюрсо — Белое полусухое | O76: Империал Brut Rose — Абрау-Дюрсо — Розовое брют | P76: Русское Игристое полусладкое красное — Абрау-Дюрсо — Красное полусладкое | Q76: Русское Игристое кошерное полусладкое — Абрау-Дюрсо — Белое полусладкое | R76: Русское Игристое полусладкое — Абрау-Дюрсо — Белое полусладкое
A77: 96.45_19-08-2026_19-35-28.webp | B77: не уверен | C77: czitronnyj-magaracha | D77: Цитрон — Табия — Белое сухое | E77: в slug сухое, а нужно полусухое, но полусухого нет | F77: czitronnyj-magaracha | G77: oleg | H77: risling-1 | I77: rubin-golodrigi | J77: bukovinka | K77: =IF(C77="","",IFERROR(MATCH(C77,F77:J77,0),"нет")) | L77: =IF(C77="","",IF(K77=1,1,0)) | M77: =IF(C77="","",IF(ISNUMBER(K77),1,0)) | N77: Цитрон — Табия — Белое сухое | O77: Олег — Табия — Белое сухое | P77: Рислинг — Табия — Белое полусухое | Q77: Рубин Голодриги — Табия — Красное сухое | R77: Буковинка — Табия — Белое полусухое
A78: 96.53_03-09-2026_16-39-17.webp | B78: нет в каталоге | F78: rozovoe-polusladkoe | G78: fanagoriya-beloe-polusladkoe | H78: fanagoriya-fanagoriya-blanc-de-blancs-beloe-iz-belogo-shardone-igristoe-bryut-beloe-11-13 | I78: fanagoriya-zelyonoe-vino-risling-tsitronnyy-magaracha-merlo-rozovoe-polusuhoe-11 | J78: fanagoriya-fanagoria-extra-brut-rose-2019-pino-nuar-igristoe-bryut-rozovoe-ekstra-bryut-12 | K78: =IF(C78="","",IFERROR(MATCH(C78,F78:J78,0),"нет")) | L78: =IF(C78="","",IF(K78=1,1,0)) | M78: =IF(C78="","",IF(ISNUMBER(K78),1,0)) | N78: Розовое полусладкое — Фанагория — Розовое полусладкое | O78: Фанагория белое полусладкое — Фанагория — Белое полусладкое | P78: Фанагория. Blanc de Blancs. Белое из белого — Фанагория — Белое брют | Q78: Зелёное вино. Рислинг - Цитронный Магарача - Мерло — Фанагория — Розовое полусухое | R78: Fanagoria Extra Brut Rose 2019 — Фанагория — Розовое экстра брют
A79: 96.54_04-09-2026_19-30-52.webp | B79: уверенно | C79: denisov-winery-risling-beloe-suhoe-115 | D79: Рислинг — Denisov Winery — Белое сухое | F79: denisov-winery-risling-beloe-suhoe-115 | G79: dubinin-winery-risling-beloe-suhoe-12 | H79: znoj-denisov-vajneri | I79: vinodelnya-78-aligote-otbornoe-beloe-suhoe-12 | J79: risling-2 | K79: =IF(C79="","",IFERROR(MATCH(C79,F79:J79,0),"нет")) | L79: =IF(C79="","",IF(K79=1,1,0)) | M79: =IF(C79="","",IF(ISNUMBER(K79),1,0)) | N79: Рислинг — Denisov Winery — Белое сухое | O79: Рислинг — Dubinin Winery — Белое сухое | P79: Зной. Денисов Вайнери — Denisov Winery — Белое сухое | Q79: Алиготе Отборное — Винодельня 78 — Белое сухое | R79: Рислинг — Литавщук. Litavshchuk vineyards & winery — Белое полусухое
A80: 96.55_30-08-2026_19-34-31.webp | B80: уверенно | C80: novyy-svet-dom-shampanskih-vin-novyy-svet-polusladkoe-roze-shardone-rozovoe-115 | D80: Новый Свет полусладкое розе — Новый Свет. Дом шампанских вин — Розовое полусладкое | F80: novyy-svet-dom-shampanskih-vin-novyy-svet-polusladkoe-roze-shardone-rozovoe-115 | G80: novyy-svet-dom-shampanskih-vin-rossiyskoe-shampanskoe-vyderzhannoe-polusladkoe-rozovoe-novyy-svet-shardone-125 | H80: novyj-svet-polusladkoe | I80: novyj-svet-vyderzhannoe-bryut | J80: novyy-svet-dom-shampanskih-vin-igristoe-vino-vyderzhannoe-polusladkoe-krasnoe-novyy-svet-kaberne-sovinon-12 | K80: =IF(C80="","",IFERROR(MATCH(C80,F80:J80,0),"нет")) | L80: =IF(C80="","",IF(K80=1,1,0)) | M80: =IF(C80="","",IF(ISNUMBER(K80),1,0)) | N80: Новый Свет полусладкое розе — Новый Свет. Дом шампанских вин — Розовое полусладкое | O80: Российское шампанское выдержанное полусладкое розовое «Новый Свет» — Новый Свет. Дом шампанских вин — Розовое полусладкое | P80: Новый Свет полусладкое — Новый Свет. Дом шампанских вин — Белое полусладкое | Q80: Новый Свет выдержанное брют — Новый Свет. Дом шампанских вин — Белое брют | R80: Игристое вино выдержанное полусладкое красное «Новый Свет. Каберне Совиньон» — Новый Свет. Дом шампанских вин — Красное полусладкое
A81: 96.58_05-09-2026_16-05-04.webp | B81: уверенно | C81: fanagoriya-zelyonoe-vino-risling-tsitronnyy-magaracha-beloe-polusuhoe-11 | D81: Зелёное вино. Рислинг - Цитронный Магарача — Фанагория — Белое полусухое | F81: fanagoriya-zelyonoe-vino-risling-tsitronnyy-magaracha-beloe-polusuhoe-11 | G81: fanagoriya-zelyonoe-vino-risling-tsitronnyy-magaracha-merlo-rozovoe-polusuhoe-11 | H81: vinodelnya-vedernikov-vedernikov-dolina-dona-beloe-suhoe-aligote-12 | I81: eleonora | J81: levokumskoe-beloe-rkatsiteli-suhoe-10 | K81: =IF(C81="","",IFERROR(MATCH(C81,F81:J81,0),"нет")) | L81: =IF(C81="","",IF(K81=1,1,0)) | M81: =IF(C81="","",IF(ISNUMBER(K81),1,0)) | N81: Зелёное вино. Рислинг - Цитронный Магарача — Фанагория — Белое полусухое | O81: Зелёное вино. Рислинг - Цитронный Магарача - Мерло — Фанагория — Розовое полусухое | P81: Ведерниковъ Долина Дона Белое Сухое — Ведерниковъ — Белое сухое | Q81: Eleonora, 2021 — WINEMAFIA — Белое сухое | R81: Белое — Левокумское — Белое сухое
A82: 96.61_28-08-2026_09-16-27.webp | B82: нет в каталоге | F82: balaklava-muskat-beloe-polusladkoe | G82: balaklava-bryut-rezerv | H82: balaklava-muskat | I82: balaklava-pino-nuar | J82: shardone-balaklava | K82: =IF(C82="","",IFERROR(MATCH(C82,F82:J82,0),"нет")) | L82: =IF(C82="","",IF(K82=1,1,0)) | M82: =IF(C82="","",IF(ISNUMBER(K82),1,0)) | N82: Балаклава Мускат белое полусладкое — Золотая Балка — Белое полусладкое | O82: Балаклава Брют Резерв — Золотая Балка — Белое брют | P82: Балаклава Мускат — Золотая Балка — Белое брют | Q82: Балаклава Пино Нуар — Золотая Балка — Розовое брют | R82: Шардоне Балаклава — Золотая Балка — Белое брют
A83: 96.62_07-09-2026_18-12-27.webp | B83: уверенно | C83: fanagoriya-zelyonoe-vino-risling-tsitronnyy-magaracha-beloe-polusuhoe-11 | D83: Зелёное вино. Рислинг - Цитронный Магарача — Фанагория — Белое полусухое | F83: fanagoriya-zelyonoe-vino-risling-tsitronnyy-magaracha-beloe-polusuhoe-11 | G83: fanagoriya-zelyonoe-vino-risling-tsitronnyy-magaracha-merlo-rozovoe-polusuhoe-11 | H83: fanagoriya-100-ottenkov-shardone-beloe-suhoe-14 | I83: vinodelnya-vedernikov-vedernikov-dolina-dona-beloe-suhoe-aligote-12 | J83: levokumskoe-beloe-rkatsiteli-suhoe-10 | K83: =IF(C83="","",IFERROR(MATCH(C83,F83:J83,0),"нет")) | L83: =IF(C83="","",IF(K83=1,1,0)) | M83: =IF(C83="","",IF(ISNUMBER(K83),1,0)) | N83: Зелёное вино. Рислинг - Цитронный Магарача — Фанагория — Белое полусухое | O83: Зелёное вино. Рислинг - Цитронный Магарача - Мерло — Фанагория — Розовое полусухое | P83: 100 оттенков. Шардоне — Фанагория — Белое сухое | Q83: Ведерниковъ Долина Дона Белое Сухое — Ведерниковъ — Белое сухое | R83: Белое — Левокумское — Белое сухое
A84: 96.64_26-08-2026_16-52-37.webp | B84: нет в каталоге | F84: valeriy-zaharin-avtorskoe-vino-ot-valeriya-zaharina-bastardo-bastardo-magarachskiy-krasnoe-suhoe-12 | G84: valeriy-zaharin-avtorskoe-vino-ot-valeriya-zaharina-krasnoe-pino-nuar-suhoe-125 | H84: valeriy-zaharin-bastardo-kefesiya-avtohtonnoe-vino-kryma-bastardo-magarachskiy-krasnoe-suhoe-115 | I84: valeriy-zaharin-avtorskoe-vino-ot-valeriya-zaharina-aleatiko-rozovoe-suhoe-115 | J84: valeriy-zaharin-avtohtonnoe-vino-kryma-avtorskiy-kupazh-bastardo-saperavi-kefesiya-bastardo-magarachskiy-krasnoe-suhoe-12 | K84: =IF(C84="","",IFERROR(MATCH(C84,F84:J84,0),"нет")) | L84: =IF(C84="","",IF(K84=1,1,0)) | M84: =IF(C84="","",IF(ISNUMBER(K84),1,0)) | N84: Авторское вино от Валерия Захарьина. Бастардо — Валерий Захарьин — Красное сухое | O84: Авторское вино от Валерия Захарьина. Красное — Валерий Захарьин — Красное сухое | P84: Бастардо - Кефесия. Автохтонное вино Крыма — Валерий Захарьин — Красное сухое | Q84: Авторское вино от Валерия Захарьина. Алеатико — Валерий Захарьин — Розовое сухое | R84: Автохтонное вино Крыма. Авторский Купаж. Бастардо – Саперави – Кефесия — Валерий Захарьин — Красное сухое
A85: 96.65_02-09-2026_12-08-51.webp | B85: уверенно | C85: kaberne-sovinon-3 | D85: Каберне Совиньон — Литавщук. Litavshchuk vineyards & winery — Красное полусухое | F85: kaberne-sovinon-3 | G85: vinodelnya-begildeeva-kaberne-sovinon-krasnoe-suhoe-14 | H85: vinodelnya-begildeeva-kaberne-sovinon-merlo-krasnoe-suhoe-14 | I85: kaberne-sovinon-1 | J85: kaberne-sovinon-4 | K85: =IF(C85="","",IFERROR(MATCH(C85,F85:J85,0),"нет")) | L85: =IF(C85="","",IF(K85=1,1,0)) | M85: =IF(C85="","",IF(ISNUMBER(K85),1,0)) | N85: Каберне Совиньон — Литавщук. Litavshchuk vineyards & winery — Красное полусухое | O85: Каберне Совиньон — Винодельня Бегильдеева — Красное сухое | P85: Каберне Совиньон – Мерло — Винодельня Бегильдеева — Красное сухое | Q85: Каберне Совиньон — Галицкий и Галицкий — Красное сухое | R85: Каберне Совиньон — Усадьба Перовских — Красное сухое
A86: 96.66_22-08-2026_20-44-40.webp | B86: уверенно | C86: perovskih_polusuhoe_krasnoe | D86: Полусухое Красное — Усадьба Перовских — Красное полусухое | F86: perovskih_polusuhoe_krasnoe | G86: perovskih_polusladkoe_krasnoe | H86: perovskih_polusladkoe_beloe | I86: rozovoe-polusuhoe | J86: perovskih_polusladkoe_rosovoe | K86: =IF(C86="","",IFERROR(MATCH(C86,F86:J86,0),"нет")) | L86: =IF(C86="","",IF(K86=1,1,0)) | M86: =IF(C86="","",IF(ISNUMBER(K86),1,0)) | N86: Полусухое Красное — Усадьба Перовских — Красное полусухое | O86: Полусладкое Красное — Усадьба Перовских — Красное полусладкое | P86: Полусладкое Белое — Усадьба Перовских — Белое полусладкое | Q86: Розовое полусухое — Усадьба Перовских — Розовое полусухое | R86: Полусладкое розовое — Усадьба Перовских — Розовое полусладкое
A87: 96.67_27-08-2026_17-47-05.webp | B87: нет в каталоге | F87: vinodelnya-begildeeva-merlo-krasnoe-suhoe-14 | G87: vinodelnya-begildeeva-kaberne-sovinon-merlo-krasnoe-suhoe-14 | H87: soyuz-vino-soyuz-vino-izabella-krasnoe-polusladkoe-11 | I87: belbek-beloe-suhoe-kaberne-sovinon-krasnoe-14 | J87: vinodelnya-begildeeva-kaberne-sovinon-krasnoe-suhoe-14 | K87: =IF(C87="","",IFERROR(MATCH(C87,F87:J87,0),"нет")) | L87: =IF(C87="","",IF(K87=1,1,0)) | M87: =IF(C87="","",IF(ISNUMBER(K87),1,0)) | N87: Мерло — Винодельня Бегильдеева — Красное сухое | O87: Каберне Совиньон – Мерло — Винодельня Бегильдеева — Красное сухое | P87: Союз-Вино Изабелла — Союз-Вино — Красное полусладкое | Q87: Белое сухое — Бельбек — Красное сухое | R87: Каберне Совиньон — Винодельня Бегильдеева — Красное сухое
A88: 96.74_28-08-2026_13-52-26.webp | B88: уверенно | C88: usadba-mezyb-shishka-kupazh-5-kaberne-sovinon-rozovoe-suhoe-133 | D88: Шишка. Купаж №5 — Усадьба Мезыбь — Розовое сухое | F88: usadba-mezyb-shishka-kupazh-5-kaberne-sovinon-rozovoe-suhoe-133 | G88: usadba-mezyb-shishka-pino-nuar-rozovoe-suhoe-115 | H88: usadba-mezyb-shishka-oranzh-shardone-beloe-suhoe-127 | I88: usadba-mezyb-shishka-shenen-blan-sovinon-blan-beloe-suhoe-126 | J88: usadba-mezyb-shishka-shenen-blan-beloe-suhoe-13 | K88: =IF(C88="","",IFERROR(MATCH(C88,F88:J88,0),"нет")) | L88: =IF(C88="","",IF(K88=1,1,0)) | M88: =IF(C88="","",IF(ISNUMBER(K88),1,0)) | N88: Шишка. Купаж №5 — Усадьба Мезыбь — Розовое сухое | O88: Шишка. Пино Нуар — Усадьба Мезыбь — Розовое сухое | P88: Шишка. Оранж — Усадьба Мезыбь — Белое сухое | Q88: Шишка. Шенен Блан, Совиньон Блан — Усадьба Мезыбь — Белое сухое | R88: Шишка. Шенен Блан — Усадьба Мезыбь — Белое сухое
A89: 96.76_07-09-2026_14-57-04.webp | B89: уверенно | C89: pozdnij-sbor-krasnoe | D89: Поздний сбор, Красное — Литавщук. Litavshchuk vineyards & winery — Красное сладкое | F89: pozdnij-sbor-beloe | G89: pozdnij-sbor-krasnoe | H89: usadba-aleksandrovskaya-bubnovyy-valet-kaberne-sovinon-krasnoe-polusladkoe-13 | I89: sober-bash-dve-doliny-tsimlyanskiy-2023-tsimlyanskiy-chernyy-krasnoe-suhoe-13 | J89: kokur-premium | K89: =IF(C89="","",IFERROR(MATCH(C89,F89:J89,0),"нет")) | L89: =IF(C89="","",IF(K89=1,1,0)) | M89: =IF(C89="","",IF(ISNUMBER(K89),1,0)) | N89: Поздний сбор Белое — Литавщук. Litavshchuk vineyards & winery — Белое сладкое | O89: Поздний сбор, Красное — Литавщук. Litavshchuk vineyards & winery — Красное сладкое | P89: Бубновый Валет — Усадьба Александровская — Красное полусладкое | Q89: Две долины. Цимлянский 2023 — Собер Баш — Красное сухое | R89: Кокур Премиум — Массандра — Белое сухое
A90: 96.77_24-08-2026_14-10-46.webp | B90: уверенно | C90: golubitskoe-estate-red-blend-kaberne-sovinon-krasnoe-suhoe-136 | D90: Red Blend — Golubitskoe Estate — Красное сухое | F90: golubitskoe-estate-winery-series-roze-blend-kaberne-sovinon-rozovoe-suhoe-117 | G90: golubitskoe-estate-winery-series-pino-nuar-rozovoe-suhoe-115 | H90: golubitskoe-estate-red-blend-kaberne-sovinon-krasnoe-suhoe-136 | I90: golubitskoe-estate-noble-selection-red-blend-kaberne-sovinon-krasnoe-suhoe-136 | J90: pomeste-golubitskoe-kaberne-sovinon-rezerv-krasnoe-suhoe-143 | K90: =IF(C90="","",IFERROR(MATCH(C90,F90:J90,0),"нет")) | L90: =IF(C90="","",IF(K90=1,1,0)) | M90: =IF(C90="","",IF(ISNUMBER(K90),1,0)) | N90: Winery Series. Розе бленд — Golubitskoe Estate — Розовое сухое | O90: Winery Series. Пино Нуар — Golubitskoe Estate — Розовое сухое | P90: Red Blend — Golubitskoe Estate — Красное сухое | Q90: Noble Selection Red Blend — Golubitskoe Estate — Красное сухое | R90: Каберне Совиньон Резерв — Golubitskoe Estate — Красное сухое
A91: 96.78_25-08-2026_18-04-42.webp | B91: исключено | E91: здесь на фото 2 вина разных | F91: czitronnyj-magaracha | G91: rubin-golodrigi | H91: risling-1 | I91: kaberne-sovinon-2 | J91: bukovinka | K91: =IF(C91="","",IFERROR(MATCH(C91,F91:J91,0),"нет")) | L91: =IF(C91="","",IF(K91=1,1,0)) | M91: =IF(C91="","",IF(ISNUMBER(K91),1,0)) | N91: Цитрон — Табия — Белое сухое | O91: Рубин Голодриги — Табия — Красное сухое | P91: Рислинг — Табия — Белое полусухое | Q91: Каберне Совиньон — Табия — Красное сухое | R91: Буковинка — Табия — Белое полусухое
A92: 96.79_20-08-2026_17-48-31.webp | B92: уверенно | C92: oleg | D92: Олег — Табия — Белое сухое | F92: oleg | G92: kaberne-sovinon-2 | H92: rubin-golodrigi | I92: roze-2 | J92: czitronnyj-magaracha | K92: =IF(C92="","",IFERROR(MATCH(C92,F92:J92,0),"нет")) | L92: =IF(C92="","",IF(K92=1,1,0)) | M92: =IF(C92="","",IF(ISNUMBER(K92),1,0)) | N92: Олег — Табия — Белое сухое | O92: Каберне Совиньон — Табия — Красное сухое | P92: Рубин Голодриги — Табия — Красное сухое | Q92: Розе — Табия — Розовое сухое | R92: Цитрон — Табия — Белое сухое
A93: 96.79_28-08-2026_22-05-22.webp | B93: уверенно | C93: vinodelnya-vedernikov-vedernikov-dolina-dona-beloe-suhoe-aligote-12 | D93: Ведерниковъ Долина Дона Белое Сухое — Ведерниковъ — Белое сухое | F93: vinodelnya-vedernikov-vedernikov-dolina-dona-beloe-suhoe-aligote-12 | G93: vinodelnya-vedernikov-sibirkovyy-beloe-suhoe-11 | H93: vinodelnya-vedernikov-vedernikov-dolina-dona-krasnoe-suhoe-kaberne-sovinon-125 | I93: vinodelnya-vedernikov-gubernatorskoe-risling-beloe-suhoe-12 | J93: vinodelnya-vedernikov-krasnostop-zolotovskiy-krasnoe-suhoe-13 | K93: =IF(C93="","",IFERROR(MATCH(C93,F93:J93,0),"нет")) | L93: =IF(C93="","",IF(K93=1,1,0)) | M93: =IF(C93="","",IF(ISNUMBER(K93),1,0)) | N93: Ведерниковъ Долина Дона Белое Сухое — Ведерниковъ — Белое сухое | O93: Сибирьковый — Ведерниковъ — Белое сухое | P93: Ведерниковъ Долина Дона Красное Сухое — Ведерниковъ — Красное сухое | Q93: Губернаторское. Рислинг — Ведерниковъ — Белое сухое | R93: Красностоп Золотовский — Ведерниковъ — Красное сухое
A94: 96.7_28-08-2026_13-50-21.webp | B94: нет в каталоге | F94: usadba-divnomorskoe-yuzhnyy-les-merlo-krasnoe-suhoe-137 | G94: usadba-divnomorskoe-solnechnyy-veter-shardone-beloe-suhoe-125 | H94: usadba-divnomorskoe-solist-marselan-rozovoe-suhoe-115 | I94: usadba-divnomorskoe-holodnyy-tuman-risling-beloe-suhoe-115 | J94: vinodelnya-vedernikov-vedernikov-krasnostop-zolotovskiy-magnum-krasnoe-suhoe-145 | K94: =IF(C94="","",IFERROR(MATCH(C94,F94:J94,0),"нет")) | L94: =IF(C94="","",IF(K94=1,1,0)) | M94: =IF(C94="","",IF(ISNUMBER(K94),1,0)) | N94: Южный Лес — Усадьба Дивноморское — Красное сухое | O94: Солнечный Ветер — Усадьба Дивноморское — Белое сухое | P94: Солист — Усадьба Дивноморское — Розовое сухое | Q94: Холодный Туман — Усадьба Дивноморское — Белое сухое | R94: Ведерниковъ Красностоп Золотовский (магнум) — Ведерниковъ — Красное сухое
A95: 96.83_20-08-2026_17-48-13.webp | B95: уверенно | C95: oleg | D95: Олег — Табия — Белое сухое | F95: oleg | G95: roze-2 | H95: rubin-golodrigi | I95: kaberne-sovinon-2 | J95: rozovoe-zoloto | K95: =IF(C95="","",IFERROR(MATCH(C95,F95:J95,0),"нет")) | L95: =IF(C95="","",IF(K95=1,1,0)) | M95: =IF(C95="","",IF(ISNUMBER(K95),1,0)) | N95: Олег — Табия — Белое сухое | O95: Розе — Табия — Розовое сухое | P95: Рубин Голодриги — Табия — Красное сухое | Q95: Каберне Совиньон — Табия — Красное сухое | R95: Розовое золото — Табия — Розовое полусухое
A96: 96.8_25-08-2026_22-20-38.webp | B96: не уверен | C96: sovinon-blan | D96: Совиньон Блан — Литавщук. Litavshchuk vineyards & winery — Белое полусладкое | E96: то что в slug полусладкое, а на фото полусухое | F96: sovinon-blan | G96: blagolyubov-sovinon-blan-beloe-suhoe-125 | H96: dubinin-winery-sovinon-blan-beloe-suhoe-12 | I96: vinodelnya-myshako-sovinon-blan-beloe-suhoe-122 | J96: sober-bash-kumshatskiy-kumshatskiy-belyy-beloe-suhoe-11 | K96: =IF(C96="","",IFERROR(MATCH(C96,F96:J96,0),"нет")) | L96: =IF(C96="","",IF(K96=1,1,0)) | M96: =IF(C96="","",IF(ISNUMBER(K96),1,0)) | N96: Совиньон Блан — Литавщук. Litavshchuk vineyards & winery — Белое полусладкое | O96: Совиньон Блан — Благолюбов — Белое сухое | P96: Совиньон Блан — Dubinin Winery — Белое сухое | Q96: Совиньон Блан — Мысхако — Белое сухое | R96: Кумшацкий — Собер Баш — Белое сухое
A97: 96.96_05-09-2026_19-02-01.webp | B97: уверенно | C97: denisov_rubin_klaret_krasnaya_strelka | D97: Рубин кларет . Красная стрелка — Denisov Winery — Розовое сухое | F97: denisov_rubin_klaret_krasnaya_strelka | G97: denisov_pino_noir_klaret | H97: vinodelnya-pokrovskaya-pokrovskoe-sladkoe-krasnoe-kaberne-sovinon-13 | I97: usadba-aleksandrovskaya-bubnovyy-valet-kaberne-sovinon-krasnoe-polusladkoe-13 | J97: vinodelnya-78-aligote-otbornoe-beloe-suhoe-12 | K97: =IF(C97="","",IFERROR(MATCH(C97,F97:J97,0),"нет")) | L97: =IF(C97="","",IF(K97=1,1,0)) | M97: =IF(C97="","",IF(ISNUMBER(K97),1,0)) | N97: Рубин кларет . Красная стрелка — Denisov Winery — Розовое сухое | O97: Пино Нуар кларет. Красная стрелка — Denisov Winery — Розовое сухое | P97: Покровское сладкое красное — Винодельня Покровская — Красное сладкое | Q97: Бубновый Валет — Усадьба Александровская — Красное полусладкое | R97: Алиготе Отборное — Винодельня 78 — Белое сухое
A98: 96.98_19-08-2026_19-05-06.webp | B98: уверенно | C98: czitronnyj-magaracha | D98: Цитрон — Табия — Белое сухое | E98: в slug сухое, а нужно полусухое, но полусухого нет | F98: czitronnyj-magaracha | G98: risling-1 | H98: oleg | I98: bukovinka | J98: rubin-golodrigi | K98: =IF(C98="","",IFERROR(MATCH(C98,F98:J98,0),"нет")) | L98: =IF(C98="","",IF(K98=1,1,0)) | M98: =IF(C98="","",IF(ISNUMBER(K98),1,0)) | N98: Цитрон — Табия — Белое сухое | O98: Рислинг — Табия — Белое полусухое | P98: Олег — Табия — Белое сухое | Q98: Буковинка — Табия — Белое полусухое | R98: Рубин Голодриги — Табия — Красное сухое
A99: 97.02_29-08-2026_18-49-02.webp | B99: нет в каталоге | F99: caperavi-avtorskoe-vino | G99: kaberne-avtorskoe-vino | H99: massandra-premium-sangiovese-sandzhoveze-krasnoe-suhoe-13 | I99: massandra-kagor-yuzhnoberezhnyy-saperavi-krasnoe-sladkoe-16 | J99: kaberne-sovinon | K99: =IF(C99="","",IFERROR(MATCH(C99,F99:J99,0),"нет")) | L99: =IF(C99="","",IF(K99=1,1,0)) | M99: =IF(C99="","",IF(ISNUMBER(K99),1,0)) | N99: Cаперави. Авторское вино — Массандра — Красное сухое | O99: Каберне. Авторское вино — Массандра — Красное сухое | P99: Premium Sangiovese — Массандра — Красное сухое | Q99: Кагор Южнобережный — Массандра — Красное сладкое | R99: Каберне Совиньон — Массандра — Красное сладкое
A100: 97.08_05-09-2026_15-30-50.webp | B100: нет в каталоге | F100: fanagoriya-alveus-ultra-cuvee-brut-shardone-beloe-bryut-12 | G100: novyy-svet-dom-shampanskih-vin-igristoe-vino-vyderzhannoe-polusladkoe-rozovoe-novyy-svet-pino-fran-135 | H100: fanagoriya-alveus-ultra-cuvee-ekstra-bryut-rozovoe-merlo-12 | I100: fanagoriya-alveus-ultra-cuvee-ekstra-bryut-beloe-risling-reynskiy-12 | J100: rozovoe-bryut-1 | K100: =IF(C100="","",IFERROR(MATCH(C100,F100:J100,0),"нет")) | L100: =IF(C100="","",IF(K100=1,1,0)) | M100: =IF(C100="","",IF(ISNUMBER(K100),1,0)) | N100: Alveus Ultra Cuvee Brut — Фанагория — Белое брют | O100: Игристое вино выдержанное полусладкое розовое «Новый Свет. Пино Фран» — Новый Свет. Дом шампанских вин — Розовое полусладкое | P100: Alveus Ultra Cuvee. Экстра брют розовое — Фанагория — Розовое экстра брют | Q100: Alveus Ultra Cuvee. Экстра брют белое — Фанагория — Белое экстра брют | R100: Розовое брют — Золотая Балка — Розовое брют
...

Sheet VLM текст
A1: Фото | B1: Статус разметки | C1: target | D1: target: вино | E1: Комментарий разметчика | F1: top-1 | G1: top-2 | H1: top-3 | I1: top-4 | J1: top-5 | K1: Ранг target | L1: Верно top-1 | M1: Верно top-5 | N1: top-1: вино | O1: top-2: вино | P1: top-3: вино | Q1: top-4: вино | R1: top-5: вино | S1: top-1: вероятность VLM | T1: «нет в списке» (VLM) | U1: VLM, мс
A2: 1.73_06-09-2026_14-54-06.webp | B2: не уверен | C2: fanagoriya-rose-kaberne-fran-rozovoe-suhoe-13 | D2: Rose. Каберне Фран — Фанагория — Розовое сухое | E2: договоримся так, после __ я буду писать свои комментарии. этого вина нет в наборе, но я не уверен | F2: rozovoe-polusladkoe | G2: fanagoriya-fanagoria-extra-brut-rose-2019-pino-nuar-igristoe-bryut-rozovoe-ekstra-bryut-12 | H2: fanagoriya-rose-saperavi-rozovoe-polusuhoe-125 | I2: fanagoriya-zelyonoe-vino-risling-tsitronnyy-magaracha-merlo-rozovoe-polusuhoe-11 | J2: fanagoriya-beloe-polusladkoe | K2: =IF(C2="","",IFERROR(MATCH(C2,F2:J2,0),"нет")) | L2: =IF(C2="","",IF(K2=1,1,0)) | M2: =IF(C2="","",IF(ISNUMBER(K2),1,0)) | N2: Розовое полусладкое — Фанагория — Розовое полусладкое | O2: Fanagoria Extra Brut Rose 2019 — Фанагория — Розовое экстра брют | P2: Rose. Саперави — Фанагория — Розовое полусухое | Q2: Зелёное вино. Рислинг - Цитронный Магарача - Мерло — Фанагория — Розовое полусухое | R2: Фанагория белое полусладкое — Фанагория — Белое полусладкое | S2: 0.87868589 | T2: 0.00080125785 | U2: 1828.4
A3: 2.69_27-08-2026_14-29-00.webp | B3: нет в каталоге | F3: shato-pino-marselan-merlo-krasnoe-suhoe-13 | G3: shato-pino-gravitatsiya-kaberne-sovinon-merlo-krasnoe-suhoe-135 | H3: shato-pino-grand-reserve-pinot-noir-pino-nuar-krasnoe-suhoe-135 | I3: shato-pino-shato-pino-koldun-merlo-krasnoe-suhoe-137 | J3: shato-pino-sovinon-blan-semilon-beloe-suhoe-115 | K3: =IF(C3="","",IFERROR(MATCH(C3,F3:J3,0),"нет")) | L3: =IF(C3="","",IF(K3=1,1,0)) | M3: =IF(C3="","",IF(ISNUMBER(K3),1,0)) | N3: Марселан - Мерло — Шато Пино — Красное сухое | O3: Гравитация. Каберне Совиньон - Мерло — Шато Пино — Красное сухое | P3: Grand Reserve Pinot Noir — Шато Пино — Красное сухое | Q3: Шато Пино «Колдун» — Шато Пино — Красное сухое | R3: Совиньон Блан - Семильон — Шато Пино — Белое сухое | S3: 0.13443407 | T3: 0.68271261 | U3: 549
A4: 41.8_22-08-2026_20-56-40.webp | B4: нет в каталоге | F4: usadba-mezyb-shishka-pino-nuar-rozovoe-suhoe-115 | G4: pino-nuar-2025 | H4: usadba-perovskih-pino-nuar-rezerv-krasnoe-suhoe-122 | I4: pino-nuar | J4: bakla-vines-pino-nuar-krasnoe-suhoe-125 | K4: =IF(C4="","",IFERROR(MATCH(C4,F4:J4,0),"нет")) | L4: =IF(C4="","",IF(K4=1,1,0)) | M4: =IF(C4="","",IF(ISNUMBER(K4),1,0)) | N4: Шишка. Пино Нуар — Усадьба Мезыбь — Розовое сухое | O4: Пино Нуар, 2025 — Винодельня Братьев Мельниковых — Розовое сухое | P4: Пино Нуар Резерв — Усадьба Перовских — Красное сухое | Q4: Пино Нуар — Галицкий и Галицкий — Красное сухое | R4: Пино Нуар — Bakla Vines — Красное сухое | S4: 0.99374783 | T4: 0.0040612202 | U4: 547.1
A5: 48.98_02-09-2026_18-34-15.webp | B5: уверенно | C5: denisov_rubin_klaret_krasnaya_strelka | D5: Рубин кларет . Красная стрелка — Denisov Winery — Розовое сухое | F5: denisov_rubin_klaret_krasnaya_strelka | G5: denisov_pino_noir_klaret | H5: gunko-winery-krasnye-gliny-kaberne-fran-krasnoe-suhoe-14 | I5: vinodelnya-pokrovskaya-pokrovskoe-sladkoe-krasnoe-kaberne-sovinon-13 | J5: vinodelnya-konstantina-dzitoeva-kd-rezerv-merlo-krasnoe-suhoe-12 | K5: =IF(C5="","",IFERROR(MATCH(C5,F5:J5,0),"нет")) | L5: =IF(C5="","",IF(K5=1,1,0)) | M5: =IF(C5="","",IF(ISNUMBER(K5),1,0)) | N5: Рубин кларет . Красная стрелка — Denisov Winery — Розовое сухое | O5: Пино Нуар кларет. Красная стрелка — Denisov Winery — Розовое сухое | P5: Красные Глины — Gunko Winery — Красное сухое | Q5: Покровское сладкое красное — Винодельня Покровская — Красное сладкое | R5: KD Резерв — Винодельня Константина Дзитоева — Красное сухое | S5: 0.99989331 | T5: 7.4843854e-05 | U5: 548.8
A6: 68.81_05-09-2026_15-46-31.webp | B6: нет в каталоге | F6: fanagoriya-velvet-season-muskat-ottonel-beloe-sladkoe-13 | G6: fanagoriya-velvet-season-risling-beloe-sladkoe-12 | H6: vinodelnya-myshako-muskat-avtorskaya-tehnologiya-mono-beloe-suhoe-128 | I6: soyuz-vino-soyuz-vino-muskat-beloe-polusladkoe-11 | J6: valeriy-zaharin-muskat-valeriy-zaharin-muskat-ottonel-beloe-polusladkoe-12 | K6: =IF(C6="","",IFERROR(MATCH(C6,F6:J6,0),"нет")) | L6: =IF(C6="","",IF(K6=1,1,0)) | M6: =IF(C6="","",IF(ISNUMBER(K6),1,0)) | N6: Velvet Season — Фанагория — Белое сладкое | O6: Velvet Season — Фанагория — Белое сладкое | P6: Мускат. Авторская технология. Моно — Мысхако — Белое сухое | Q6: Союз-Вино Мускат — Союз-Вино — Белое полусладкое | R6: Мускат. Валерий Захарьин — Валерий Захарьин — Белое полусладкое | S6: 0.99999583 | T6: 3.7266377e-06 | U6: 565.3
A7: 70.45_04-09-2026_13-35-37.webp | B7: не уверен | C7: fanagoriya-formula-q-kaberne-sovinon-krasnoe-suhoe-135 | D7: Формула Q — Фанагория — Красное сухое | E7: на фото слишком яркая этикетка, в каталоге более темная | F7: fanagoriya-formula-q-saperavi-krasnoe-suhoe-135 | G7: fanagoriya-formula-q-kaberne-sovinon-krasnoe-suhoe-135 | H7: fanagoriya-q-bordeaux-blend-kaberne-sovinon-krasnoe-suhoe-135 | I7: fanagoriya-q-blanc-sovinon-blan-beloe-suhoe-14 | J7: fanagoriya-beloe-polusladkoe | K7: =IF(C7="","",IFERROR(MATCH(C7,F7:J7,0),"нет")) | L7: =IF(C7="","",IF(K7=1,1,0)) | M7: =IF(C7="","",IF(ISNUMBER(K7),1,0)) | N7: Formula Q — Фанагория — Красное сухое | O7: Формула Q — Фанагория — Красное сухое | P7: Q Bordeaux Blend — Фанагория — Красное сухое | Q7: Q Blanc — Фанагория — Белое сухое | R7: Фанагория белое полусладкое — Фанагория — Белое полусладкое | S7: 0.99999928 | T7: 2.1024323e-07 | U7: 567.6
A8: 72.97_09-09-2026_19-38-57.webp | B8: нет в каталоге | F8: shato-pino-sovinon-blan-semilon-beloe-suhoe-115 | G8: shato-pino-grand-reserve-chardonnay-shardone-beloe-suhoe-125 | H8: shato-pino-marselan-merlo-krasnoe-suhoe-13 | I8: shato-pino-grand-reserve-pinot-noir-pino-nuar-krasnoe-suhoe-135 | J8: shato-pino-gravitatsiya-kaberne-sovinon-merlo-krasnoe-suhoe-135 | K8: =IF(C8="","",IFERROR(MATCH(C8,F8:J8,0),"нет")) | L8: =IF(C8="","",IF(K8=1,1,0)) | M8: =IF(C8="","",IF(ISNUMBER(K8),1,0)) | N8: Совиньон Блан - Семильон — Шато Пино — Белое сухое | O8: Grand Reserve Chardonnay — Шато Пино — Белое сухое | P8: Марселан - Мерло — Шато Пино — Красное сухое | Q8: Grand Reserve Pinot Noir — Шато Пино — Красное сухое | R8: Гравитация. Каберне Совиньон - Мерло — Шато Пино — Красное сухое | S8: 0.95594078 | T8: 0.032710496 | U8: 531.2
A9: 82.33_27-08-2026_10-03-52.webp | B9: уверенно | C9: skalistyj-bereg-shepot-czvetov | D9: Скалистый берег Шепот цветов — Скалистый берег — Белое сухое | F9: skalistyj-bereg-shepot-czvetov | G9: skalistyy-bereg-melodiya-leta-krasnostop-zolotovskiy-rozovoe-suhoe-126 | H9: skalistyy-bereg-dyhanie-voln-shardone-beloe-suhoe-121 | I9: vysokij-bereg-czvajgelt | J9: kuban-vino-vysokiy-bereg-grafit-roze-kaberne-sovinon-rozovoe-suhoe-12 | K9: =IF(C9="","",IFERROR(MATCH(C9,F9:J9,0),"нет")) | L9: =IF(C9="","",IF(K9=1,1,0)) | M9: =IF(C9="","",IF(ISNUMBER(K9),1,0)) | N9: Скалистый берег Шепот цветов — Скалистый берег — Белое сухое | O9: Мелодия лета — Скалистый берег — Розовое сухое | P9: Дыхание волн — Скалистый берег — Белое сухое | Q9: Высокий Берег Цвайгельт — Кубань-Вино — Розовое сухое | R9: Высокий Берег Графит Розе — Кубань-Вино — Розовое сухое | S9: 0.99999595 | T9: 3.4663137e-07 | U9: 575.3
A10: 84.73_07-09-2026_11-07-51.webp | B10: уверенно | C10: zhemchuzhnaya-9-aligote-czitron | D10: Жемчужная 9 Алиготе, Цитрон — АРАТТИ — Белое сухое | F10: zhemchuzhnaya-9-aligote-czitron | G10: zhemchuzhnaya-9-czitron-shardone | H10: zhemchuzhnaya-9-sovinon-blan-aligote | I10: zhemchuzhnaya-9-czitron-shardone-1 | J10: czitronnyj-magaracha-sovinon-blan | K10: =IF(C10="","",IFERROR(MATCH(C10,F10:J10,0),"нет")) | L10: =IF(C10="","",IF(K10=1,1,0)) | M10: =IF(C10="","",IF(ISNUMBER(K10),1,0)) | N10: Жемчужная 9 Алиготе, Цитрон — АРАТТИ — Белое сухое | O10: Жемчужная 9 Цитрон, Шардоне — АРАТТИ — Белое сухое | P10: Жемчужная 9 Совиньон блан, Алиготе — АРАТТИ — Белое сухое | Q10: Жемчужная 9 Цитрон, Шардоне — АРАТТИ — Белое полусладкое | R10: Жемчужная 9 Цитрон, Совиньон блан — АРАТТИ — Белое полусухое | S10: 0.99999976 | T10: 6.0235728e-08 | U10: 585.1
A11: 87.09_22-08-2026_20-57-16.webp | B11: уверенно | C11: pobeda | D11: Победа — Табия — Красное сухое | F11: pobeda | G11: rubin-golodrigi | H11: vinodelnya-begildeeva-kaberne-sovinon-krasnoe-suhoe-14 | I11: kaberne-sovinon-2 | J11: bukovinka | K11: =IF(C11="","",IFERROR(MATCH(C11,F11:J11,0),"нет")) | L11: =IF(C11="","",IF(K11=1,1,0)) | M11: =IF(C11="","",IF(ISNUMBER(K11),1,0)) | N11: Победа — Табия — Красное сухое | O11: Рубин Голодриги — Табия — Красное сухое | P11: Каберне Совиньон — Винодельня Бегильдеева — Красное сухое | Q11: Каберне Совиньон — Табия — Красное сухое | R11: Буковинка — Табия — Белое полусухое | S11: 0.99999976 | T11: 1.44498e-07 | U11: 577.9
A12: 87.54_03-09-2026_13-27-53.webp | B12: уверенно | C12: relikta-relikta-sira-kaberne-fran-krasnoe-suhoe-13 | D12: Реликта Сира, Каберне Фран — Реликта — Красное сухое | F12: relikta-relikta-sira-kaberne-fran-krasnoe-suhoe-13 | G12: relikta-relikta-sira-krasnoe-suhoe-13 | H12: relikta-relikta-merlo-kaberne-sovinon-krasnoe-suhoe-135 | I12: relikta-relikta-kaberne-sovinon-krasnoe-suhoe-135 | J12: relikta-relikta-merlo-krasnoe-suhoe-135 | K12: =IF(C12="","",IFERROR(MATCH(C12,F12:J12,0),"нет")) | L12: =IF(C12="","",IF(K12=1,1,0)) | M12: =IF(C12="","",IF(ISNUMBER(K12),1,0)) | N12: Реликта Сира, Каберне Фран — Реликта — Красное сухое | O12: Реликта Сира — Реликта — Красное сухое | P12: Реликта Мерло, Каберне Совиньон — Реликта — Красное сухое | Q12: Реликта Каберне Совиньон — Реликта — Красное сухое | R12: Реликта Мерло — Реликта — Красное сухое | S12: 0.99999928 | T12: 7.7344161e-08 | U12: 570.4
A13: 87.6_20-08-2026_19-56-56.webp | B13: не уверен | C13: leto-shardone-2023-suhoe-beloe | D13: LETO Шардоне 2023 сухое белое — LETO — Белое сухое | E13: есть такое, но на фото черная этикетка вместо белой | F13: vinodelnya-uzunov-shardone-rezerv-beloe-suhoe-135 | G13: vinodelnya-konstantina-dzitoeva-kd-shardone-beloe-suhoe-128 | H13: shardone-rezerv | I13: vinodelnya-uzunov-rash-rezerv-risling-reynskiy-beloe-suhoe-127 | J13: vinodelnya-myshako-shardone-avtorskaya-tehnologiya-beloe-suhoe-155 | K13: =IF(C13="","",IFERROR(MATCH(C13,F13:J13,0),"нет")) | L13: =IF(C13="","",IF(K13=1,1,0)) | M13: =IF(C13="","",IF(ISNUMBER(K13),1,0)) | N13: Шардоне Резерв — Винодельня Узунов — Белое сухое | O13: KD Шардоне — Винодельня Константина Дзитоева — Белое сухое | P13: Шардоне Резерв — Усадьба Перовских — Белое сухое | Q13: РАШ Резерв — Винодельня Узунов — Белое сухое | R13: Шардоне авторская технология — Мысхако — Белое сухое | S13: 0.99999177 | T13: 2.38235e-07 | U13: 540.6
A14: 87.81_09-09-2026_17-16-36.webp | B14: не уверен | C14: aya-organic-wine-vineyards-purity-in-chenin-blanc-shenen-blan-beloe-suhoe-11 | D14: Purity in Chenin Blanc — AYA Organic Wine & Vineyards — Белое сухое | E14: есть похожее, но в названии вместо in balance написано in-chenin-blanc | F14: aya-organic-wine-vineyards-purity-in-syrah-sira-rozovoe-suhoe-132 | G14: aya-organic-wine-vineyards-purity-in-trinity-pino-nuar-rozovoe-suhoe-13 | H14: aya-organic-wine-vineyards-purity-in-merlot-merlo-rozovoe-suhoe-134 | I14: aya-organic-wine-vineyards-purity-in-syrah-sira-krasnoe-suhoe-146 | J14: aya-organic-wine-vineyards-purity-in-chenin-blanc-shenen-blan-beloe-suhoe-11 | K14: =IF(C14="","",IFERROR(MATCH(C14,F14:J14,0),"нет")) | L14: =IF(C14="","",IF(K14=1,1,0)) | M14: =IF(C14="","",IF(ISNUMBER(K14),1,0)) | N14: Purity in Syrah — AYA Organic Wine & Vineyards — Розовое сухое | O14: Purity in Trinity — AYA Organic Wine & Vineyards — Розовое сухое | P14: Purity in Merlot — AYA Organic Wine & Vineyards — Розовое сухое | Q14: Purity in Syrah — AYA Organic Wine & Vineyards — Красное сухое | R14: Purity in Chenin Blanc — AYA Organic Wine & Vineyards — Белое сухое | S14: 0.99735922 | T14: 0.0019253563 | U14: 543.3
A15: 87.88_28-08-2026_16-56-20.webp | B15: не уверен | C15: massandra-muskatel-belyy-belye-sorta-vinograda-beloe-sladkoe-16 | D15: Мускатель белый — Массандра — Белое сладкое | E15: есть такое, но год урожая отличается | F15: massandra-muskat-belyy-krasnogo-kamnya-beloe-sladkoe-13 | G15: massandra-muskatel-belyy-belye-sorta-vinograda-beloe-sladkoe-16 | H15: massandra-muskat-belyy-yuzhnoberezhnyy-beloe-sladkoe-16 | I15: massandra-muskatel-rozovyy-belye-sorta-vinograda-rozovoe-sladkoe-16 | J15: massandra-muskatel-chernyy-krasnye-sorta-vinograda-krasnoe-sladkoe-16 | K15: =IF(C15="","",IFERROR(MATCH(C15,F15:J15,0),"нет")) | L15: =IF(C15="","",IF(K15=1,1,0)) | M15: =IF(C15="","",IF(ISNUMBER(K15),1,0)) | N15: Мускат белый красного камня — Массандра — Белое сладкое | O15: Мускатель белый — Массандра — Белое сладкое | P15: Мускат Белый Южнобережный — Массандра — Белое сладкое | Q15: Мускатель розовый — Массандра — Розовое сладкое | R15: Мускатель черный — Массандра — Красное сладкое | S15: 0.93985015 | T15: 2.015547e-05 | U15: 549.2
A16: 88.2_05-09-2026_16-29-06.webp | B16: нет в каталоге | F16: inkerman-shato-ruzh | G16: vinodelnya-begildeeva-kaberne-sovinon-krasnoe-suhoe-14 | H16: kuban-vino-kaberne-de-tamane-kaberne-sovinon-krasnoe-suhoe-125 | I16: inkermanskiy-zmv-winemakers-selection-saperavi-krasnoe-polusladkoe-12 | J16: inkerman-shato-blan | K16: =IF(C16="","",IFERROR(MATCH(C16,F16:J16,0),"нет")) | L16: =IF(C16="","",IF(K16=1,1,0)) | M16: =IF(C16="","",IF(ISNUMBER(K16),1,0)) | N16: Inkerman Шато Руж — Инкерманский ЗМВ — Красное полусухое | O16: Каберне Совиньон — Винодельня Бегильдеева — Красное сухое | P16: Каберне де Тамань — Кубань-Вино — Красное сухое | Q16: Winemaker's Selection Саперави — Инкерманский ЗМВ — Красное полусладкое | R16: Инкерман Шато Блан — Инкерманский ЗМВ — Белое полусухое | S16: 0.99396425 | T16: 9.5531548e-05 | U16: 556.5
A17: 88.38_20-08-2026_18-32-58.webp | B17: уверенно | C17: czitronnyj-magaracha-sovinon-blan | D17: Жемчужная 9 Цитрон, Совиньон блан — АРАТТИ — Белое полусухое | F17: czitronnyj-magaracha-sovinon-blan | G17: zhemchuzhnaya-9-risling-sovinon-blan | H17: zhemchuzhnaya-9-czitron-shardone | I17: zhemchuzhnaya-9-aligote-czitron | J17: zhemchuzhnaya-9-czitron-shardone-1 | K17: =IF(C17="","",IFERROR(MATCH(C17,F17:J17,0),"нет")) | L17: =IF(C17="","",IF(K17=1,1,0)) | M17: =IF(C17="","",IF(ISNUMBER(K17),1,0)) | N17: Жемчужная 9 Цитрон, Совиньон блан — АРАТТИ — Белое полусухое | O17: Жемчужная 9 Рислинг,Совиньон блан — АРАТТИ — Белое полусухое | P17: Жемчужная 9 Цитрон, Шардоне — АРАТТИ — Белое сухое | Q17: Жемчужная 9 Алиготе, Цитрон — АРАТТИ — Белое сухое | R17: Жемчужная 9 Цитрон, Шардоне — АРАТТИ — Белое полусладкое | S17: 0.99999988 | T17: 4.1399375e-08 | U17: 560.5
A18: 89.65_19-08-2026_19-48-39.webp | B18: уверенно | C18: rozovoe-zoloto | D18: Розовое золото — Табия — Розовое полусухое | F18: rozovoe-zoloto | G18: roze-2 | H18: bukovinka | I18: rozovaya-pantera | J18: rubin-golodrigi | K18: =IF(C18="","",IFERROR(MATCH(C18,F18:J18,0),"нет")) | L18: =IF(C18="","",IF(K18=1,1,0)) | M18: =IF(C18="","",IF(ISNUMBER(K18),1,0)) | N18: Розовое золото — Табия — Розовое полусухое | O18: Розе — Табия — Розовое сухое | P18: Буковинка — Табия — Белое полусухое | Q18: Розовая Пантера полусладкое розовое — АРАТТИ — Розовое полусладкое | R18: Рубин Голодриги — Табия — Красное сухое | S18: 0.9999938 | T18: 7.3381699e-07 | U18: 539.4
A19: 90.5_02-09-2026_10-32-11.webp | B19: нет в каталоге | F19: inkermanskiy-zmv-inkerman-polusladkoe-roze-aligote-rozovoe-135 | G19: inkermanskiy-zmv-inkerman-rozovoe-polusladkoe-rkatsiteli-12 | H19: inkerman-muskatnoe-beloe | I19: inkerman-shato-blan | J19: inkerman-shato-ruzh | K19: =IF(C19="","",IFERROR(MATCH(C19,F19:J19,0),"нет")) | L19: =IF(C19="","",IF(K19=1,1,0)) | M19: =IF(C19="","",IF(ISNUMBER(K19),1,0)) | N19: Inkerman полусладкое розе — Инкерманский ЗМВ — Розовое полусладкое | O19: Инкерман Розовое полусладкое — Инкерманский ЗМВ — Розовое полусладкое | P19: Inkerman Мускатное белое — Инкерманский ЗМВ — Белое полусладкое | Q19: Инкерман Шато Блан — Инкерманский ЗМВ — Белое полусухое | R19: Inkerman Шато Руж — Инкерманский ЗМВ — Красное полусухое | S19: 0.77190894 | T19: 6.0898401e-06 | U19: 554.1
A20: 91.07_20-08-2026_18-37-46.webp | B20: уверенно | C20: aratti-kaberne-sovinon-2021-krasnoe-suhoe | D20: АРАТТИ Каберне Совиньон 2021 красное сухое — АРАТТИ — Красное сухое | F20: aratti-kaberne-sovinon-2021-krasnoe-suhoe | G20: aratti-kaberne-sovinon-2020-krasnoe-suhoe | H20: aratti-kaberne-po-belomu-1 | I20: aratti-kaberne-po-belomu | J20: aratti-sovinon-blan-beloe-polusuhoe | K20: =IF(C20="","",IFERROR(MATCH(C20,F20:J20,0),"нет")) | L20: =IF(C20="","",IF(K20=1,1,0)) | M20: =IF(C20="","",IF(ISNUMBER(K20),1,0)) | N20: АРАТТИ Каберне Совиньон 2021 красное сухое — АРАТТИ — Красное сухое | O20: АРАТТИ Каберне Совиньон 2020 красное сухое — АРАТТИ — Красное сухое | P20: АРАТТИ Каберне по-белому — АРАТТИ — Розовое полусухое | Q20: АРАТТИ Каберне по-белому — АРАТТИ — Красное сухое | R20: АРАТТИ Совиньон блан белое полусухое — АРАТТИ — Белое полусухое | S20: 0.9999994 | T20: 1.4449795e-07 | U20: 542.7
A21: 91.43_02-09-2026_12-08-50.webp | B21: уверенно | C21: merlo-2 | D21: Мерло — Литавщук. Litavshchuk vineyards & winery — Красное сухое | F21: merlo-2 | G21: vinodelnya-begildeeva-merlo-krasnoe-suhoe-14 | H21: merlo | I21: vinodelnya-begildeeva-kaberne-sovinon-merlo-krasnoe-suhoe-14 | J21: vinnyy-kooperativ-intuitsiya-kaberne-sovinon-merlo-saperavi-krasnoe-suhoe-128 | K21: =IF(C21="","",IFERROR(MATCH(C21,F21:J21,0),"нет")) | L21: =IF(C21="","",IF(K21=1,1,0)) | M21: =IF(C21="","",IF(ISNUMBER(K21),1,0)) | N21: Мерло — Литавщук. Litavshchuk vineyards & winery — Красное сухое | O21: Мерло — Винодельня Бегильдеева — Красное сухое | P21: Мерло — Галицкий и Галицкий — Красное сухое | Q21: Каберне Совиньон – Мерло — Винодельня Бегильдеева — Красное сухое | R21: Каберне Совиньон - Мерло — Винный кооператив Интуиция — Красное сухое | S21: 0.99999988 | T21: 4.6911637e-08 | U21: 553
A22: 92.21_19-08-2026_18-57-31.webp | B22: уверенно | C22: belaya-lvicza | D22: Белая Львица белое полусладкое — АРАТТИ — Белое полусладкое | F22: belaya-lvicza | G22: chernaya-lvicza-polusladkoe-krasnoe | H22: rozovaya-pantera | I22: aratti-muskat-belyj-suhoe | J22: aratti-muskat-belyj-polusuhoe | K22: =IF(C22="","",IFERROR(MATCH(C22,F22:J22,0),"нет")) | L22: =IF(C22="","",IF(K22=1,1,0)) | M22: =IF(C22="","",IF(ISNUMBER(K22),1,0)) | N22: Белая Львица белое полусладкое — АРАТТИ — Белое полусладкое | O22: Черная Львица полусладкое красное — АРАТТИ — Красное полусладкое | P22: Розовая Пантера полусладкое розовое — АРАТТИ — Розовое полусладкое | Q22: АРАТТИ Мускат белый сухое — АРАТТИ — Белое сухое | R22: АРАТТИ Мускат белый полусухое — АРАТТИ — Белое полусухое | S22: 0.99999988 | T22: 6.8256028e-08 | U22: 549.1
A23: 92.6_07-09-2026_11-04-40.webp | B23: уверенно | C23: aratti-kaberne-sovinon-2020-krasnoe-suhoe | D23: АРАТТИ Каберне Совиньон 2020 красное сухое — АРАТТИ — Красное сухое | F23: aratti-kaberne-sovinon-2020-krasnoe-suhoe | G23: aratti-kaberne-sovinon-2021-krasnoe-suhoe | H23: artvin-kaberne-sovinon-grand-rezerv-krasnoe-suhoe-13 | I23: vinodelnya-begildeeva-kaberne-sovinon-krasnoe-suhoe-14 | J23: aratti-sovinon-blan-beloe-polusuhoe | K23: =IF(C23="","",IFERROR(MATCH(C23,F23:J23,0),"нет")) | L23: =IF(C23="","",IF(K23=1,1,0)) | M23: =IF(C23="","",IF(ISNUMBER(K23),1,0)) | N23: АРАТТИ Каберне Совиньон 2020 красное сухое — АРАТТИ — Красное сухое | O23: АРАТТИ Каберне Совиньон 2021 красное сухое — АРАТТИ — Красное сухое | P23: Каберне Совиньон Гранд Резерв — Артвин — Красное сухое | Q23: Каберне Совиньон — Винодельня Бегильдеева — Красное сухое | R23: АРАТТИ Совиньон блан белое полусухое — АРАТТИ — Белое полусухое | S23: 0.99999988 | T23: 6.8256028e-08 | U23: 546.6
A24: 92.94_21-08-2026_19-37-08.webp | B24: не уверен | C24: denisov-winery-sovinon-blan-beloe-suhoe-115 | D24: Совиньон Блан — Denisov Winery — Белое сухое | E24: есть такое, но этикетка черная, а не белая | F24: denisov-winery-sovinon-blan-beloe-suhoe-115 | G24: dubinin-winery-sovinon-blan-beloe-suhoe-12 | H24: zhemchuzhnaya-9-sovinon-blan-aligote | I24: sovinon-blan | J24: blagolyubov-sovinon-blan-beloe-suhoe-125 | K24: =IF(C24="","",IFERROR(MATCH(C24,F24:J24,0),"нет")) | L24: =IF(C24="","",IF(K24=1,1,0)) | M24: =IF(C24="","",IF(ISNUMBER(K24),1,0)) | N24: Совиньон Блан — Denisov Winery — Белое сухое | O24: Совиньон Блан — Dubinin Winery — Белое сухое | P24: Жемчужная 9 Совиньон блан, Алиготе — АРАТТИ — Белое сухое | Q24: Совиньон Блан — Литавщук. Litavshchuk vineyards & winery — Белое полусладкое | R24: Совиньон Блан — Благолюбов — Белое сухое | S24: 0.99999976 | T24: 7.7344197e-08 | U24: 550.3
A25: 92.96_19-08-2026_21-07-12.webp | B25: уверенно | C25: aratti-kaberne-sovinon-2020-krasnoe-suhoe | D25: АРАТТИ Каберне Совиньон 2020 красное сухое — АРАТТИ — Красное сухое | F25: aratti-kaberne-sovinon-2020-krasnoe-suhoe | G25: aratti-kaberne-sovinon-2021-krasnoe-suhoe | H25: artvin-kaberne-sovinon-grand-rezerv-krasnoe-suhoe-13 | I25: vinodelnya-begildeeva-kaberne-sovinon-krasnoe-suhoe-14 | J25: usadba-markoth-kaberne-sovinon-rezerv-krasnoe-suhoe-13 | K25: =IF(C25="","",IFERROR(MATCH(C25,F25:J25,0),"нет")) | L25: =IF(C25="","",IF(K25=1,1,0)) | M25: =IF(C25="","",IF(ISNUMBER(K25),1,0)) | N25: АРАТТИ Каберне Совиньон 2020 красное сухое — АРАТТИ — Красное сухое | O25: АРАТТИ Каберне Совиньон 2021 красное сухое — АРАТТИ — Красное сухое | P25: Каберне Совиньон Гранд Резерв — Артвин — Красное сухое | Q25: Каберне Совиньон — Винодельня Бегильдеева — Красное сухое | R25: Каберне Совиньон Резерв — Усадьба Маркотх — Красное сухое | S25: 0.99999976 | T25: 1.8553911e-07 | U25: 591.2
A26: 92.99_02-09-2026_04-20-19.webp | B26: нет в каталоге | F26: vinodelnya-myshako-rose-de-noirs-pino-nuar-rozovoe-bryut-123 | G26: usadba-divnomorskoe-rose-vione-rozovoe-suhoe-125 | H26: kuban-vino-vysokiy-bereg-grafit-roze-kaberne-sovinon-rozovoe-suhoe-12 | I26: rozovaya-pantera | J26: mont-blanc-blanc-de-blancs | K26: =IF(C26="","",IFERROR(MATCH(C26,F26:J26,0),"нет")) | L26: =IF(C26="","",IF(K26=1,1,0)) | M26: =IF(C26="","",IF(ISNUMBER(K26),1,0)) | N26: Rose De Noirs — Мысхако — Розовое брют | O26: Rose — Усадьба Дивноморское — Розовое сухое | P26: Высокий Берег Графит Розе — Кубань-Вино — Розовое сухое | Q26: Розовая Пантера полусладкое розовое — АРАТТИ — Розовое полусладкое | R26: Mont Blanc, Blanc de Blancs — Шато АЛВИСА — Белое брют | S26: 0.0051761465 | T26: 0.98639894 | U26: 556.3
A27: 93.31_05-09-2026_13-39-37.webp | B27: уверенно | C27: golubitskoe-estate-noble-selection-red-blend-kaberne-sovinon-krasnoe-suhoe-136 | D27: Noble Selection Red Blend — Golubitskoe Estate — Красное сухое | F27: golubitskoe-estate-noble-selection-red-blend-kaberne-sovinon-krasnoe-suhoe-136 | G27: golubitskoe-estate-kaberne-sovinon-noble-selection-krasnoe-suhoe-133 | H27: golubitskoe-estate-red-blend-kaberne-sovinon-krasnoe-suhoe-136 | I27: golubitskoe-estate-kaberne-sovinon-rezerv-krasnoe-suhoe-125 | J27: golubitskoe-estate-noble-selection-white-blend-shardone-beloe-suhoe-135 | K27: =IF(C27="","",IFERROR(MATCH(C27,F27:J27,0),"нет")) | L27: =IF(C27="","",IF(K27=1,1,0)) | M27: =IF(C27="","",IF(ISNUMBER(K27),1,0)) | N27: Noble Selection Red Blend — Golubitskoe Estate — Красное сухое | O27: Каберне Совиньон Noble Selection — Golubitskoe Estate — Красное сухое | P27: Red Blend — Golubitskoe Estate — Красное сухое | Q27: Каберне Совиньон Резерв — Golubitskoe Estate — Красное сухое | R27: Noble Selection White Blend — Golubitskoe Estate — Белое сухое | S27: 0.99999928 | T27: 5.0434733e-07 | U27: 547.9
A28: 93.43_05-09-2026_13-34-45.webp | B28: уверенно | C28: denisov_pet_nat_rubin | D28: Пет-Нат Рубин — Denisov Winery — Розовое экстра брют | F28: denisov_pet_nat_rubin | G28: fioletovyj-rannij-petnat | H28: denisov-winery-petnat-tsitron-risling-tsitronnyy-magaracha-beloe-ekstra-bryut-102 | I28: denisov-winery-petnat-risling-beloe-ekstra-bryut-10 | J28: denisov-winery-petnat-rkatsiteli-beloe-ekstra-bryut-107 | K28: =IF(C28="","",IFERROR(MATCH(C28,F28:J28,0),"нет")) | L28: =IF(C28="","",IF(K28=1,1,0)) | M28: =IF(C28="","",IF(ISNUMBER(K28),1,0)) | N28: Пет-Нат Рубин — Denisov Winery — Розовое экстра брют | O28: Фиолетовый Ранний петнат — Гусевъ — Белое экстра брют | P28: Петнат Цитрон - Рислинг — Denisov Winery — Белое экстра брют | Q28: Петнат Рислинг — Denisov Winery — Белое экстра брют | R28: Петнат Ркацители — Denisov Winery — Белое экстра брют | S28: 0.99999988 | T28: 4.0586515e-10 | U28: 548.2
A29: 93.68_19-08-2026_20-44-28.webp | B29: уверенно | C29: zakat-denisov-vajneri | D29: Закат. Денисов Вайнери — Denisov Winery — Розовое сухое | F29: zakat-denisov-vajneri | G29: znoj-denisov-vajneri | H29: zhemchuzhnaya-9-pino-nuar-muskat-rozovyj | I29: rozovaya-pantera | J29: vinodelnya-78-muskat-polusladkoe-muskat-ottonel-beloe-115 | K29: =IF(C29="","",IFERROR(MATCH(C29,F29:J29,0),"нет")) | L29: =IF(C29="","",IF(K29=1,1,0)) | M29: =IF(C29="","",IF(ISNUMBER(K29),1,0)) | N29: Закат. Денисов Вайнери — Denisov Winery — Розовое сухое | O29: Зной. Денисов Вайнери — Denisov Winery — Белое сухое | P29: Жемчужная 9 Пино Нуар, Мускат Розовый — АРАТТИ — Розовое сухое | Q29: Розовая Пантера полусладкое розовое — АРАТТИ — Розовое полусладкое | R29: Мускат полусладкое — Винодельня 78 — Белое полусладкое | S29: 0.99999762 | T29: 1.7603421e-06 | U29: 547.1
